business_id,name,address,city,state,zip_code,phone,categories,rating,review_count,price,latitude,longitude,url,review_count_from_reviews,sentiment
zcEswfjucV8Sey4C6Yk6xA,A Pampered Auto,"Clearwater, FL 33759",Clearwater,FL,33759,(727) 688-5824,Auto Detailing,5.0,32,,27.98074912801103,-82.71472484946673,https://www.yelp.com/biz/a-pampered-auto-clearwater-5?adjust_creative=3Vjjfzi-KamsmIGS_ogwEQ&utm_campaign=yelp_api_v3&utm_medium=api_v3_business_search&utm_source=3Vjjfzi-KamsmIGS_ogwEQ,7,Positivo
zFdCktZBLUAAuYTqlktWbg,Roman Mobile Car Care,"2625 Alexander Pl Clearwater, FL 33763",Clearwater,FL,33763,(727) 902-1969,"Auto Detailing, Car Wash",5.0,33,,28.017892147596257,-82.74315376168136,https://www.yelp.com/biz/roman-mobile-car-care-clearwater?adjust_creative=3Vjjfzi-KamsmIGS_ogwEQ&utm_campaign=yelp_api_v3&utm_medium=api_v3_business_search&utm_source=3Vjjfzi-KamsmIGS_ogwEQ,7,Positivo
CCB5h7sL5QAZ-AnujSOYhw,Detail Depot,"1694 Clearwater Largo Rd N Clearwater, FL 33756",Clearwater,FL,33756,(727) 642-6191,"Auto Detailing, Home Window Tinting",4.9,38,,27.93590031459773,-82.79599357287087,https://www.yelp.com/biz/detail-depot-clearwater-2?adjust_creative=3Vjjfzi-KamsmIGS_ogwEQ&utm_campaign=yelp_api_v3&utm_medium=api_v3_business_search&utm_source=3Vjjfzi-KamsmIGS_ogwEQ,7,Positivo
T8l8efvT8uKrNosRCOYx6A,Luxury Auto Spa,"3166 Tampa Rd Ste 9 Oldsmar, FL 34677",Oldsmar,FL,34677,(727) 560-3069,"Auto Detailing, Car Wash",4.7,36,,28.05001207744153,-82.69701121021048,https://www.yelp.com/biz/luxury-auto-spa-oldsmar?adjust_creative=3Vjjfzi-KamsmIGS_ogwEQ&utm_campaign=yelp_api_v3&utm_medium=api_v3_business_search&utm_source=3Vjjfzi-KamsmIGS_ogwEQ,7,Positivo
sW4ULYISNTLJx6sHw6xC6g,Evolution Mobile Detailing,"1705 6th St E Palmetto, FL 34221",Palmetto,FL,34221,(720) 935-7405,Auto Detailing,4.9,39,,27.51619511408325,-82.5461926,https://www.yelp.com/biz/evolution-mobile-detailing-palmetto-2?adjust_creative=3Vjjfzi-KamsmIGS_ogwEQ&utm_campaign=yelp_api_v3&utm_medium=api_v3_business_search&utm_source=3Vjjfzi-KamsmIGS_ogwEQ,7,Positivo
kd8Cc48oqsH7cg8eIqE2Ew,Elite Car Care Auto Detailing,"9161 131st Pl Unit C Largo, FL 33773",Largo,FL,33773,(727) 351-7055,Auto Detailing,5.0,21,,27.8924714,-82.7647544,https://www.yelp.com/biz/elite-car-care-auto-detailing-largo-2?adjust_creative=3Vjjfzi-KamsmIGS_ogwEQ&utm_campaign=yelp_api_v3&utm_medium=api_v3_business_search&utm_source=3Vjjfzi-KamsmIGS_ogwEQ,7,Positivo
VqZELPgz27CM8djAcPzqKA,Mills Prime Shine,"7011 Massachusetts Ave New Port Richey, FL 34653",New Port Richey,FL,34653,(352) 679-8498,Auto Detailing,5.0,1,,28.259182751654475,-82.69823749999999,https://www.yelp.com/biz/mills-prime-shine-new-port-richey-9?adjust_creative=3Vjjfzi-KamsmIGS_ogwEQ&utm_campaign=yelp_api_v3&utm_medium=api_v3_business_search&utm_source=3Vjjfzi-KamsmIGS_ogwEQ,1,Positivo
h3H0sK4zwRfk-ooJg3PXLQ,CleanPro Automotive Detailing,"8739 State Rd Ste 52 Hudson, FL 34667",Hudson,FL,34667,(352) 667-1844,"Auto Detailing, Car Wash",5.0,4,,28.331672328524824,-82.67009112640966,https://www.yelp.com/biz/cleanpro-automotive-detailing-hudson?adjust_creative=3Vjjfzi-KamsmIGS_ogwEQ&utm_campaign=yelp_api_v3&utm_medium=api_v3_business_search&utm_source=3Vjjfzi-KamsmIGS_ogwEQ,4,Positivo
NksQhI3CJe4ZeLv5AKSj5Q,Elite Auto Salon,"8009 Benjamin Rd Ste 107 Tampa, FL 33634",Tampa,FL,33634,(813) 345-4400,Auto Detailing,4.6,49,,28.0226,-82.54148,https://www.yelp.com/biz/elite-auto-salon-tampa-2?adjust_creative=3Vjjfzi-KamsmIGS_ogwEQ&utm_campaign=yelp_api_v3&utm_medium=api_v3_business_search&utm_source=3Vjjfzi-KamsmIGS_ogwEQ,7,Positivo
kVrwEXM4Uvd-QzxLSuy83w,Top Dog Mobile Detailing South,"Land O'lakes, FL 34637",Land O'lakes,FL,34637,(401) 644-5370,Auto Detailing,4.9,24,,28.290178,-82.4644445,https://www.yelp.com/biz/top-dog-mobile-detailing-south-land-o-lakes?adjust_creative=3Vjjfzi-KamsmIGS_ogwEQ&utm_campaign=yelp_api_v3&utm_medium=api_v3_business_search&utm_source=3Vjjfzi-KamsmIGS_ogwEQ,7,Positivo
KTzkFAkJK8C7ukRWdNOI1Q,The Detail Specialist,"8596 Seminole Blvd Seminole, FL 33772",Seminole,FL,33772,(727) 350-3639,Auto Detailing,5.0,6,,27.85028,-82.78756,https://www.yelp.com/biz/the-detail-specialist-seminole-2?adjust_creative=3Vjjfzi-KamsmIGS_ogwEQ&utm_campaign=yelp_api_v3&utm_medium=api_v3_business_search&utm_source=3Vjjfzi-KamsmIGS_ogwEQ,6,Positivo
MvYlX6jy-3yIoXGT746_Hg,Superior Detail,"Spring Hill, FL 34608",Spring Hill,FL,34608,(352) 232-4757,Auto Detailing,4.9,37,,28.48277590689345,-82.55317165442061,https://www.yelp.com/biz/superior-detail-spring-hill-3?adjust_creative=3Vjjfzi-KamsmIGS_ogwEQ&utm_campaign=yelp_api_v3&utm_medium=api_v3_business_search&utm_source=3Vjjfzi-KamsmIGS_ogwEQ,7,Positivo
1uzZ7vO5k7p8S5IciBF75g,Coastal Shine Mobile Detail,"11699 Wakefield Dr Pensacola, FL 32514",Pensacola,FL,32514,(850) 208-2395,"Auto Detailing, Car Wash, Auto Upholstery",4.9,68,,30.56881628494618,-87.24948762153531,https://www.yelp.com/biz/coastal-shine-mobile-detail-pensacola-3?adjust_creative=3Vjjfzi-KamsmIGS_ogwEQ&utm_campaign=yelp_api_v3&utm_medium=api_v3_business_search&utm_source=3Vjjfzi-KamsmIGS_ogwEQ,7,Positivo
NPTxKu7a1peNLpgN9iawMw,Above N Beyond Auto Detailing,"3335 Commercial Way Spring Hill, FL 34606",Spring Hill,FL,34606,(727) 597-3248,Auto Detailing,5.0,1,,28.48018865995524,-82.610945,https://www.yelp.com/biz/above-n-beyond-auto-detailing-spring-hill?adjust_creative=3Vjjfzi-KamsmIGS_ogwEQ&utm_campaign=yelp_api_v3&utm_medium=api_v3_business_search&utm_source=3Vjjfzi-KamsmIGS_ogwEQ,1,Positivo
xTflxbsLziJnqa9d2NyCQA,Alpha Mobile Detail,"St Petersburg, FL 33712",St Petersburg,FL,33712,(727) 310-6361,Auto Detailing,5.0,7,,27.735915,-82.67063687284303,https://www.yelp.com/biz/alpha-mobile-detail-st-petersburg?adjust_creative=3Vjjfzi-KamsmIGS_ogwEQ&utm_campaign=yelp_api_v3&utm_medium=api_v3_business_search&utm_source=3Vjjfzi-KamsmIGS_ogwEQ,7,Positivo
x9_OYjajs8dOvOlhWORzxA,Deluxe Vehicle Detailing and Paint Correction,"2051 N Overbrook Ave Belleair Bluffs, FL 33770",Belleair Bluffs,FL,33770,(727) 742-7867,"Auto Detailing, Car Wash, Auto Customization",5.0,12,,27.921271767055902,-82.8094606474042,https://www.yelp.com/biz/deluxe-vehicle-detailing-and-paint-correction-belleair-bluffs?adjust_creative=3Vjjfzi-KamsmIGS_ogwEQ&utm_campaign=yelp_api_v3&utm_medium=api_v3_business_search&utm_source=3Vjjfzi-KamsmIGS_ogwEQ,7,Positivo
8L1JD3Ar8hP6-hROLpnz8Q,ST PETE AUTO DETAIL,"1601 4th St N St. Petersburg, FL 33704",St. Petersburg,FL,33704,(727) 557-7803,"Auto Detailing, Car Wash",5.0,3,,27.78785,-82.63817,https://www.yelp.com/biz/st-pete-auto-detail-st-petersburg?adjust_creative=3Vjjfzi-KamsmIGS_ogwEQ&utm_campaign=yelp_api_v3&utm_medium=api_v3_business_search&utm_source=3Vjjfzi-KamsmIGS_ogwEQ,3,Positivo
KQ0KVpmpsPIm6ppECRXvrw,Keep It Klean Car Care,"St. Petersburg, FL 33701",St. Petersburg,FL,33701,(727) 851-4349,"Auto Detailing, Car Window Tinting, Roadside Assistance",4.6,39,,27.755168,-82.6414719,https://www.yelp.com/biz/keep-it-klean-car-care-st-petersburg?adjust_creative=3Vjjfzi-KamsmIGS_ogwEQ&utm_campaign=yelp_api_v3&utm_medium=api_v3_business_search&utm_source=3Vjjfzi-KamsmIGS_ogwEQ,7,Positivo
_WbgSzHExF0IzD0nqXsDfg,Redline Detailing,"1000 94th Ave N St Petersburg, FL 33702",St Petersburg,FL,33702,(727) 612-7118,"Auto Detailing, Car Window Tinting, Car Wash",4.8,16,,27.856970784014138,-82.6482492,https://www.yelp.com/biz/redline-detailing-st-petersburg?adjust_creative=3Vjjfzi-KamsmIGS_ogwEQ&utm_campaign=yelp_api_v3&utm_medium=api_v3_business_search&utm_source=3Vjjfzi-KamsmIGS_ogwEQ,7,Positivo
VW2SC3OSU1kiugp0mqdwLQ,Image Auto Works,"Holiday, FL 34690",Holiday,FL,34690,(813) 836-3056,Auto Detailing,5.0,12,,28.182149887085,-82.7302322387695,https://www.yelp.com/biz/image-auto-works-holiday-2?adjust_creative=3Vjjfzi-KamsmIGS_ogwEQ&utm_campaign=yelp_api_v3&utm_medium=api_v3_business_search&utm_source=3Vjjfzi-KamsmIGS_ogwEQ,7,Positivo
dU9fa1FYeVHXIQ8-X9ZhPA,My Detail Guy,"11230 Ranch Creek Ter Bradenton, FL 34211",Bradenton,FL,34211,(941) 402-7071,Auto Detailing,5.0,7,,27.44394160670585,-82.4292863,https://www.yelp.com/biz/my-detail-guy-bradenton-5?adjust_creative=3Vjjfzi-KamsmIGS_ogwEQ&utm_campaign=yelp_api_v3&utm_medium=api_v3_business_search&utm_source=3Vjjfzi-KamsmIGS_ogwEQ,7,Positivo
WATojKa2kCAn512iw9b8BQ,Rags2 Richardson Mobile detailing,"1824 SE 58th Ave Ocala , FL 34480",Ocala ,FL,34480,(352) 484-2515,"Auto Detailing, Car Wash",5.0,2,,29.170467542076345,-82.0540149,https://www.yelp.com/biz/rags2-richardson-mobile-detailing-ocala-4?adjust_creative=3Vjjfzi-KamsmIGS_ogwEQ&utm_campaign=yelp_api_v3&utm_medium=api_v3_business_search&utm_source=3Vjjfzi-KamsmIGS_ogwEQ,2,Positivo
5RESjH0cRDk9ulKMsQUSuw,ProntoWash,"8021 Citrus Park Town Ctr Westfield Citrus Park Tampa, FL 33625",Tampa,FL,33625,(813) 607-5019,"Auto Detailing, Car Wash",3.8,71,,28.068965,-82.576595,https://www.yelp.com/biz/prontowash-tampa-2?adjust_creative=3Vjjfzi-KamsmIGS_ogwEQ&utm_campaign=yelp_api_v3&utm_medium=api_v3_business_search&utm_source=3Vjjfzi-KamsmIGS_ogwEQ,7,Neutral
Fi-LTtGqSQDFA7QdGyqvLQ,Jay's Auto Detailing,"Clearwater, FL 33759",Clearwater,FL,33759,(727) 744-8445,Auto Detailing,5.0,11,,27.98074912801103,-82.71472484946673,https://www.yelp.com/biz/jays-auto-detailing-clearwater-2?adjust_creative=3Vjjfzi-KamsmIGS_ogwEQ&utm_campaign=yelp_api_v3&utm_medium=api_v3_business_search&utm_source=3Vjjfzi-KamsmIGS_ogwEQ,7,Positivo
yY1-6RW6djIs_m-NIgtOaw,Super Clincar,"18019 Birdwater Dr Tampa Palms, FL 33647",Tampa Palms,FL,33647,(352) 760-0929,Car Wash,0.0,0,,28.1441432,-82.3163313,https://www.yelp.com/biz/super-clincar-tampa-palms-5?adjust_creative=3Vjjfzi-KamsmIGS_ogwEQ&utm_campaign=yelp_api_v3&utm_medium=api_v3_business_search&utm_source=3Vjjfzi-KamsmIGS_ogwEQ,0,neutral
R2X0TMzFe1rlQ9wIFIkiGQ,Nice and Precise Detailing,"7656 W Green Acres St Homosassa, FL 34448",Homosassa,FL,34448,(352) 453-9615,"Auto Detailing, Car Wash, Pressure Washers",3.8,4,,28.7902712835454,-82.56078787601857,https://www.yelp.com/biz/nice-and-precise-detailing-homosassa?adjust_creative=3Vjjfzi-KamsmIGS_ogwEQ&utm_campaign=yelp_api_v3&utm_medium=api_v3_business_search&utm_source=3Vjjfzi-KamsmIGS_ogwEQ,4,Positivo
dGB5IFEvsSSbQMxIJsqWiw,Wax Monkeez,"Largo, FL 33771",Largo,FL,33771,(727) 454-4736,Auto Detailing,5.0,1,,27.906664061204168,-82.75801538024216,https://www.yelp.com/biz/wax-monkeez-largo?adjust_creative=3Vjjfzi-KamsmIGS_ogwEQ&utm_campaign=yelp_api_v3&utm_medium=api_v3_business_search&utm_source=3Vjjfzi-KamsmIGS_ogwEQ,1,Positivo
_bpvD3aaB7TrUTD2Tx_hoQ,DanielSon's Auto Detail,"985 Harbor Lake Dr Ste 4 Safety Harbor, FL 34695",Safety Harbor,FL,34695,(727) 260-4213,Auto Detailing,5.0,4,,27.9999574709463,-82.6992171630263,https://www.yelp.com/biz/danielsons-auto-detail-safety-harbor?adjust_creative=3Vjjfzi-KamsmIGS_ogwEQ&utm_campaign=yelp_api_v3&utm_medium=api_v3_business_search&utm_source=3Vjjfzi-KamsmIGS_ogwEQ,4,Positivo
7K0ZMB-tvS6QtkuLGhnZDg,Detailed Auto Solutions,"Clearwater, FL 33755",Clearwater,FL,33755,(513) 609-5669,"Car Wash, Auto Detailing, Auto Upholstery",0.0,0,,27.979603,-82.779835,https://www.yelp.com/biz/detailed-auto-solutions-clearwater?adjust_creative=3Vjjfzi-KamsmIGS_ogwEQ&utm_campaign=yelp_api_v3&utm_medium=api_v3_business_search&utm_source=3Vjjfzi-KamsmIGS_ogwEQ,0,neutral
tUY4qUikJnigQr-GjfTajg,On Point Auto Detail,"10535 FL-52 Golden Oldies Auto Sales Hudson, FL 34667",Hudson,FL,34667,(727) 359-4305,"Auto Detailing, Car Wash",5.0,5,,28.378151,-82.681338,https://www.yelp.com/biz/on-point-auto-detail-hudson?adjust_creative=3Vjjfzi-KamsmIGS_ogwEQ&utm_campaign=yelp_api_v3&utm_medium=api_v3_business_search&utm_source=3Vjjfzi-KamsmIGS_ogwEQ,5,Positivo
QIn3QRghsu3WgJ86tLwnCg,Let Rod Polish Em Off Mobile Ceramic Coatings & Auto Detailing,"11314 Lithia Pinecrest Rd Lithia, FL 33547",Lithia,FL,33547,(813) 313-7593,Auto Detailing,4.8,43,,27.85025,-82.0782399,https://www.yelp.com/biz/let-rod-polish-em-off-mobile-ceramic-coatings-and-auto-detailing-lithia-2?adjust_creative=3Vjjfzi-KamsmIGS_ogwEQ&utm_campaign=yelp_api_v3&utm_medium=api_v3_business_search&utm_source=3Vjjfzi-KamsmIGS_ogwEQ,7,Positivo
eBgBRAix7rVZgG3WY5yUwg,Wax Auto Detailing,"Tampa Bay, FL 34683",Tampa Bay,FL,34683,(727) 520-4347,Auto Detailing,5.0,1,,28.086305,-82.760006,https://www.yelp.com/biz/wax-auto-detailing-tampa-bay-3?adjust_creative=3Vjjfzi-KamsmIGS_ogwEQ&utm_campaign=yelp_api_v3&utm_medium=api_v3_business_search&utm_source=3Vjjfzi-KamsmIGS_ogwEQ,1,Positivo
86ncLfyjcpkyPbw4KzMVvg,Pat's Mobile Auto Salon,"4514 9th Ave N Saint Petersburg, FL 33713",Saint Petersburg,FL,33713,(813) 545-0448,"Auto Detailing, Car Wash",5.0,7,,27.780663,-82.6943052,https://www.yelp.com/biz/pats-mobile-auto-salon-saint-petersburg?adjust_creative=3Vjjfzi-KamsmIGS_ogwEQ&utm_campaign=yelp_api_v3&utm_medium=api_v3_business_search&utm_source=3Vjjfzi-KamsmIGS_ogwEQ,7,Positivo
mmWpEH7Ghop5ECuFy7da7Q,Pure Precision Custom Detailing,"1010 Park Ct Ste E Safety Harbor, FL 34695",Safety Harbor,FL,34695,(727) 667-0168,"Auto Detailing, Car Window Tinting, Vehicle Wraps",4.7,24,,27.98739,-82.69908,https://www.yelp.com/biz/pure-precision-custom-detailing-safety-harbor?adjust_creative=3Vjjfzi-KamsmIGS_ogwEQ&utm_campaign=yelp_api_v3&utm_medium=api_v3_business_search&utm_source=3Vjjfzi-KamsmIGS_ogwEQ,7,Positivo
8B8230X9jOVOsBMOMs46pQ,Like Lightning Pressure Wash & Mobile Detailing,"616 Guild Dr Venice, FL 34285",Venice,FL,34285,(405) 885-1889,"Pressure Washers, Car Wash, Auto Detailing",5.0,2,,27.0898408,-82.4430209,https://www.yelp.com/biz/like-lightning-pressure-wash-and-mobile-detailing-venice-2?adjust_creative=3Vjjfzi-KamsmIGS_ogwEQ&utm_campaign=yelp_api_v3&utm_medium=api_v3_business_search&utm_source=3Vjjfzi-KamsmIGS_ogwEQ,2,Positivo
sNEbuS3Xubrvr9PexURSzA,Topflighttdetailing,"6340 49th St N Pinellas Park, FL 33781",Pinellas Park,FL,33781,(727) 608-7127,"Auto Detailing, Car Wash",5.0,1,,27.830271,-82.700417,https://www.yelp.com/biz/topflighttdetailing-pinellas-park?adjust_creative=3Vjjfzi-KamsmIGS_ogwEQ&utm_campaign=yelp_api_v3&utm_medium=api_v3_business_search&utm_source=3Vjjfzi-KamsmIGS_ogwEQ,1,Positivo
hnQDDxQuLFBzmq1xRt_WfQ,Vs Detailing Experts,"tampa, FL 33618",tampa,FL,33618,(813) 869-0570,"Auto Detailing, Car Wash",0.0,0,,28.0589142,-82.5035867,https://www.yelp.com/biz/vs-detailing-experts-tampa?adjust_creative=3Vjjfzi-KamsmIGS_ogwEQ&utm_campaign=yelp_api_v3&utm_medium=api_v3_business_search&utm_source=3Vjjfzi-KamsmIGS_ogwEQ,0,neutral
--6bDBJ61CE1cGuhgPJYOg,Double Edge Detailing,"202 Carol Dr Rayne, LA 70578",Rayne,LA,70578,(337) 501-5295,Auto Detailing,5.0,4,,28.44791201366903,-82.58880866113098,https://www.yelp.com/biz/double-edge-detailing-rayne?adjust_creative=3Vjjfzi-KamsmIGS_ogwEQ&utm_campaign=yelp_api_v3&utm_medium=api_v3_business_search&utm_source=3Vjjfzi-KamsmIGS_ogwEQ,4,Positivo
YrGtH_jttVKduyO_oMkZyA,Sunny Palms Detailing,"Bradenton, FL 34208",Bradenton,FL,34208,(941) 258-3325,Auto Detailing,5.0,1,,27.48871613,-82.52483368,https://www.yelp.com/biz/sunny-palms-detailing-bradenton?adjust_creative=3Vjjfzi-KamsmIGS_ogwEQ&utm_campaign=yelp_api_v3&utm_medium=api_v3_business_search&utm_source=3Vjjfzi-KamsmIGS_ogwEQ,1,Positivo
q5uY_ubR3ACFmk-3W3smGQ,Solid Detailing,"Tampa, FL 33635",Tampa,FL,33635,(813) 666-5606,"Auto Detailing, Car Wash",5.0,7,,28.03161,-82.6369,https://www.yelp.com/biz/solid-detailing-tampa-2?adjust_creative=3Vjjfzi-KamsmIGS_ogwEQ&utm_campaign=yelp_api_v3&utm_medium=api_v3_business_search&utm_source=3Vjjfzi-KamsmIGS_ogwEQ,7,Positivo
VkXwnZn-f265vtcnLl8sLQ,Pure Detailers,"Bradenton, FL 34212",Bradenton,FL,34212,(941) 777-1271,Auto Detailing,5.0,8,,27.5088024139404,-82.473258972168,https://www.yelp.com/biz/pure-detailers-bradenton?adjust_creative=3Vjjfzi-KamsmIGS_ogwEQ&utm_campaign=yelp_api_v3&utm_medium=api_v3_business_search&utm_source=3Vjjfzi-KamsmIGS_ogwEQ,7,Positivo
I51O0P2M2T216JgiyoAQGQ,MikeysMotorworks,"Spring Hill, FL 34606",Spring Hill,FL,34606,(813) 702-9761,Auto Detailing,5.0,1,,28.46994190297597,-82.59750021854799,https://www.yelp.com/biz/mikeysmotorworks-spring-hill-3?adjust_creative=3Vjjfzi-KamsmIGS_ogwEQ&utm_campaign=yelp_api_v3&utm_medium=api_v3_business_search&utm_source=3Vjjfzi-KamsmIGS_ogwEQ,1,Positivo
bLKIF0SSiiFRJfn_PZho9g,Magicar,"1196 Court St Clearwater, FL 33756",Clearwater,FL,33756,(727) 444-0448,"Auto Detailing, Car Window Tinting, Car Wash",0.0,0,,27.96111,-82.788,https://www.yelp.com/biz/magicar-clearwater-6?adjust_creative=3Vjjfzi-KamsmIGS_ogwEQ&utm_campaign=yelp_api_v3&utm_medium=api_v3_business_search&utm_source=3Vjjfzi-KamsmIGS_ogwEQ,0,neutral
kcOmiPqYkbnwlbWE5oEmcw,Argos Detailing,"8061 Cortez Blvd Spring Hill, FL 34607",Spring Hill,FL,34607,(813) 444-8451,"Auto Detailing, Car Wash",5.0,1,,28.52998,-82.59034,https://www.yelp.com/biz/argos-detailing-spring-hill?adjust_creative=3Vjjfzi-KamsmIGS_ogwEQ&utm_campaign=yelp_api_v3&utm_medium=api_v3_business_search&utm_source=3Vjjfzi-KamsmIGS_ogwEQ,1,Positivo
f_h9dkDk9U-E_3vGKiQzZg,All About Auto,"1208 Buena Vista Cir Port Charlotte, FL 33953",Port Charlotte,FL,33953,(941) 628-2356,"Auto Detailing, Auto Customization",5.0,6,,27.01738,-82.16608,https://www.yelp.com/biz/all-about-auto-port-charlotte?adjust_creative=3Vjjfzi-KamsmIGS_ogwEQ&utm_campaign=yelp_api_v3&utm_medium=api_v3_business_search&utm_source=3Vjjfzi-KamsmIGS_ogwEQ,6,Positivo
w-REBcYo8sagffUVMLOpWA,Aqua Clean Detailing & Coatings,"12831 92nd St N Largo , FL 33773",Largo ,FL,33773,(727) 310-8332,"Auto Detailing, Car Wash, Auto Customization",5.0,12,,27.89131122838646,-82.7665674,https://www.yelp.com/biz/aqua-clean-detailing-and-coatings-largo?adjust_creative=3Vjjfzi-KamsmIGS_ogwEQ&utm_campaign=yelp_api_v3&utm_medium=api_v3_business_search&utm_source=3Vjjfzi-KamsmIGS_ogwEQ,7,Positivo
nVXytEGLSUioXkjE1MooGQ,Xclusive Detail,"3200 26th St N St. Petersburg, FL 33713",St. Petersburg,FL,33713,(727) 383-5522,"Auto Detailing, Car Wash",5.0,3,,27.8013406,-82.6696517,https://www.yelp.com/biz/xclusive-detail-st-petersburg?adjust_creative=3Vjjfzi-KamsmIGS_ogwEQ&utm_campaign=yelp_api_v3&utm_medium=api_v3_business_search&utm_source=3Vjjfzi-KamsmIGS_ogwEQ,3,Positivo
n_CyYScUKigUC3ZrSI6M7Q,Transit Mobile Detailing,"Tampa, FL 33610",Tampa,FL,33610,(813) 414-3031,Auto Detailing,0.0,0,,27.9819,-82.37925,https://www.yelp.com/biz/transit-mobile-detailing-tampa-3?adjust_creative=3Vjjfzi-KamsmIGS_ogwEQ&utm_campaign=yelp_api_v3&utm_medium=api_v3_business_search&utm_source=3Vjjfzi-KamsmIGS_ogwEQ,0,neutral
7Q4FZx0yhzWutdehjASN-g,Sea Ranger Mobile Detailing,"St. Petersburg, FL 33710",St. Petersburg,FL,33710,(727) 641-4812,Auto Detailing,5.0,3,,27.79007967965562,-82.73065264533128,https://www.yelp.com/biz/sea-ranger-mobile-detailing-st-petersburg-3?adjust_creative=3Vjjfzi-KamsmIGS_ogwEQ&utm_campaign=yelp_api_v3&utm_medium=api_v3_business_search&utm_source=3Vjjfzi-KamsmIGS_ogwEQ,3,Positivo
CWYFNdkXtKcR4KKL89RB3A,Auto Gleam Salon,"Tampa, FL 33610",Tampa,FL,33610,(813) 836-5484,Auto Detailing,5.0,1,,27.9819,-82.37925,https://www.yelp.com/biz/auto-gleam-salon-tampa-2?adjust_creative=3Vjjfzi-KamsmIGS_ogwEQ&utm_campaign=yelp_api_v3&utm_medium=api_v3_business_search&utm_source=3Vjjfzi-KamsmIGS_ogwEQ,1,Positivo
hEbbiAHXzsvHbsT7JtN-pQ,Young Brothers Detailing,"9736 Little Rd New Port Richey, FL 34654",New Port Richey,FL,34654,(727) 243-0226,"Auto Detailing, Car Wash",4.7,3,,28.296990831685104,-82.6726377052357,https://www.yelp.com/biz/young-brothers-detailing-new-port-richey?adjust_creative=3Vjjfzi-KamsmIGS_ogwEQ&utm_campaign=yelp_api_v3&utm_medium=api_v3_business_search&utm_source=3Vjjfzi-KamsmIGS_ogwEQ,3,Positivo
SqKlG1oz6YjHJzj2ZIfkCw,BR's Mobile Detailing,"Ruskin, FL 33575",Ruskin,FL,33575,(813) 535-1353,"Pressure Washers, Auto Detailing, Car Wash",5.0,1,,27.7220153,-82.4338023,https://www.yelp.com/biz/brs-mobile-detailing-ruskin-7?adjust_creative=3Vjjfzi-KamsmIGS_ogwEQ&utm_campaign=yelp_api_v3&utm_medium=api_v3_business_search&utm_source=3Vjjfzi-KamsmIGS_ogwEQ,1,Positivo
ent_M5k2xHY9FNskAobpow,Pelican Car Wash & Quick Lube,"31425 US Highway 19 N Palm Harbor, FL 34684",Palm Harbor,FL,34684,(727) 787-9274,Car Wash,2.9,104,,28.057932879784502,-82.73834723070581,https://www.yelp.com/biz/pelican-car-wash-and-quick-lube-palm-harbor?adjust_creative=3Vjjfzi-KamsmIGS_ogwEQ&utm_campaign=yelp_api_v3&utm_medium=api_v3_business_search&utm_source=3Vjjfzi-KamsmIGS_ogwEQ,7,Negativo
2hH_fF28CaxqUvRh2mQGWA,Precision Detail,"Wesley Chapel, FL 33543",Wesley Chapel,FL,33543,(813) 838-0947,"Car Wash, Auto Detailing, Pressure Washers",5.0,1,,28.200723,-82.296367,https://www.yelp.com/biz/precision-detail-wesley-chapel?adjust_creative=3Vjjfzi-KamsmIGS_ogwEQ&utm_campaign=yelp_api_v3&utm_medium=api_v3_business_search&utm_source=3Vjjfzi-KamsmIGS_ogwEQ,1,Positivo
gCN54fOocX3pf6aIH_ixJQ,AJ Window Tint & Detailing,"8609 Land O Lakes Blvd Unit 8 Land O Lakes, FL 34638",Land O Lakes,FL,34638,(813) 693-9823,"Car Window Tinting, Auto Detailing, Home Window Tinting",4.6,11,,28.283168032089563,-82.4867969,https://www.yelp.com/biz/aj-window-tint-and-detailing-land-o-lakes-3?adjust_creative=3Vjjfzi-KamsmIGS_ogwEQ&utm_campaign=yelp_api_v3&utm_medium=api_v3_business_search&utm_source=3Vjjfzi-KamsmIGS_ogwEQ,7,Positivo
knWfm1Coqcl3M3-T5VNNfQ,Squeeky's Car Wash,"3264 Tyrone Blvd N Saint Petersburg, FL 33710",Saint Petersburg,FL,33710,(321) 300-2607,Car Wash,4.4,88,,27.801266135034005,-82.74164872152673,https://www.yelp.com/biz/squeekys-car-wash-saint-petersburg?adjust_creative=3Vjjfzi-KamsmIGS_ogwEQ&utm_campaign=yelp_api_v3&utm_medium=api_v3_business_search&utm_source=3Vjjfzi-KamsmIGS_ogwEQ,7,Positivo
6wxe8yQbbFzriS9g-88LOw,4K Mobile Detailing Services,"Tampa Bay, FL 33584",Tampa Bay,FL,33584,(813) 520-2663,"Auto Detailing, Pressure Washers",4.9,36,,28.0087,-82.287932,https://www.yelp.com/biz/4k-mobile-detailing-services-tampa-bay?adjust_creative=3Vjjfzi-KamsmIGS_ogwEQ&utm_campaign=yelp_api_v3&utm_medium=api_v3_business_search&utm_source=3Vjjfzi-KamsmIGS_ogwEQ,7,Positivo
hfBuqK1KllUaN3tBtbjVbw,Supreme Detailing,"Port Richey, FL 34668",Port Richey,FL,34668,(813) 403-0035,"Auto Detailing, Car Wash, Pressure Washers",4.5,2,,28.27584037866192,-82.72516033976156,https://www.yelp.com/biz/supreme-detailing-port-richey?adjust_creative=3Vjjfzi-KamsmIGS_ogwEQ&utm_campaign=yelp_api_v3&utm_medium=api_v3_business_search&utm_source=3Vjjfzi-KamsmIGS_ogwEQ,2,Positivo
6uDjk1vE3ZnOTJs6XXTsKQ,Attention To Detail Premium Detailing,"5706 Jason Lee Pl Sarasota, FL 34233",Sarasota,FL,34233,(941) 702-0477,Auto Detailing,5.0,4,,27.271032,-82.4736016,https://www.yelp.com/biz/attention-to-detail-premium-detailing-sarasota?adjust_creative=3Vjjfzi-KamsmIGS_ogwEQ&utm_campaign=yelp_api_v3&utm_medium=api_v3_business_search&utm_source=3Vjjfzi-KamsmIGS_ogwEQ,4,Positivo
0xp6Pvjh6_IswlX3SY8JJg,Kingsmen Auto Detail,"Tampa Bay, FL 33511",Tampa Bay,FL,33511,(813) 540-0786,Auto Detailing,5.0,1,,27.90984769778756,-82.29457497953425,https://www.yelp.com/biz/kingsmen-auto-detail-tampa-bay?adjust_creative=3Vjjfzi-KamsmIGS_ogwEQ&utm_campaign=yelp_api_v3&utm_medium=api_v3_business_search&utm_source=3Vjjfzi-KamsmIGS_ogwEQ,1,Positivo
SU8NT0gehOoxQctA2qA42Q,Stessa Auto Spa,"St. Petersburg, FL 33710",St. Petersburg,FL,33710,(813) 563-8764,"Car Wash, Auto Detailing",5.0,1,,27.79008,-82.730653,https://www.yelp.com/biz/stessa-auto-spa-st-petersburg-4?adjust_creative=3Vjjfzi-KamsmIGS_ogwEQ&utm_campaign=yelp_api_v3&utm_medium=api_v3_business_search&utm_source=3Vjjfzi-KamsmIGS_ogwEQ,1,Positivo
8rNj0pn7UqPAr8IpWCX2Sg,Affordable Mobile Auto Detailing,"Seminole, FL 33772",Seminole,FL,33772,(727) 481-0743,Auto Detailing,3.7,15,,27.849795,-82.8016353861308,https://www.yelp.com/biz/affordable-mobile-auto-detailing-seminole-4?adjust_creative=3Vjjfzi-KamsmIGS_ogwEQ&utm_campaign=yelp_api_v3&utm_medium=api_v3_business_search&utm_source=3Vjjfzi-KamsmIGS_ogwEQ,7,Positivo
XC3Z_C8DIr4INFzPZw8upg,American Car Care Center,"6412 Manatee Ave W Bradenton, FL 34209",Bradenton,FL,34209,(941) 794-5007,"Car Wash, Auto Detailing",2.5,37,,27.49657,-82.6268,https://www.yelp.com/biz/american-car-care-center-bradenton-2?adjust_creative=3Vjjfzi-KamsmIGS_ogwEQ&utm_campaign=yelp_api_v3&utm_medium=api_v3_business_search&utm_source=3Vjjfzi-KamsmIGS_ogwEQ,7,Neutral
qJBq8XgkkNbjODuTKWoZPQ,Ian's Mobile Detailing,"5128 13th Ave N Saint Petersburg, FL 33710",Saint Petersburg,FL,33710,(704) 778-2318,Auto Detailing,5.0,6,,27.804658,-82.6139944,https://www.yelp.com/biz/ians-mobile-detailing-saint-petersburg?adjust_creative=3Vjjfzi-KamsmIGS_ogwEQ&utm_campaign=yelp_api_v3&utm_medium=api_v3_business_search&utm_source=3Vjjfzi-KamsmIGS_ogwEQ,6,Positivo
hWsbRofAeWLajMyMLcBH-Q,Drive Lavish,"Clearwater, FL 33755",Clearwater,FL,33755,(770) 851-1090,"Auto Detailing, Car Wash",0.0,0,,27.979603,-82.779835,https://www.yelp.com/biz/drive-lavish-clearwater-2?adjust_creative=3Vjjfzi-KamsmIGS_ogwEQ&utm_campaign=yelp_api_v3&utm_medium=api_v3_business_search&utm_source=3Vjjfzi-KamsmIGS_ogwEQ,0,neutral
BKa-zLXrdhA_0NcXKl7P3A,Optimus Car Wash & Detail Center,"5150 Cortez Rd W Bradenton, FL 34210",Bradenton,FL,34210,(941) 251-6393,"Auto Detailing, Car Wash",3.9,43,,27.46298,-82.61376,https://www.yelp.com/biz/optimus-car-wash-and-detail-center-bradenton-2?adjust_creative=3Vjjfzi-KamsmIGS_ogwEQ&utm_campaign=yelp_api_v3&utm_medium=api_v3_business_search&utm_source=3Vjjfzi-KamsmIGS_ogwEQ,7,Positivo
jX64J3C4co3xHKoc1IPUzw,The BodyWorks Auto Body Repair,"2228 28th St N St. Petersburg, FL 33713",St. Petersburg,FL,33713,(727) 895-5330,"Body Shops, Auto Detailing, Car Window Tinting",4.4,85,,27.7925466241428,-82.67162860292541,https://www.yelp.com/biz/the-bodyworks-auto-body-repair-st-petersburg?adjust_creative=3Vjjfzi-KamsmIGS_ogwEQ&utm_campaign=yelp_api_v3&utm_medium=api_v3_business_search&utm_source=3Vjjfzi-KamsmIGS_ogwEQ,7,Positivo
0chI951ojb4Go2t5_obDVw,Coachman Car Wash & Detail Center,"23331 US Hwy 19 N Clearwater, FL 33765",Clearwater,FL,33765,(727) 797-6809,"Car Wash, Auto Detailing",3.0,107,,27.98414,-82.72892,https://www.yelp.com/biz/coachman-car-wash-and-detail-center-clearwater?adjust_creative=3Vjjfzi-KamsmIGS_ogwEQ&utm_campaign=yelp_api_v3&utm_medium=api_v3_business_search&utm_source=3Vjjfzi-KamsmIGS_ogwEQ,7,Neutral
WWSlltLW_M0H_c5ByEC_-A,Upper Echelon Auto Detailing,"1444 Noell Blvd Palm Harbor, FL 34683",Palm Harbor,FL,34683,(727) 831-0492,"Auto Detailing, Body Shops",5.0,1,,28.065317,-82.759908,https://www.yelp.com/biz/upper-echelon-auto-detailing-palm-harbor?adjust_creative=3Vjjfzi-KamsmIGS_ogwEQ&utm_campaign=yelp_api_v3&utm_medium=api_v3_business_search&utm_source=3Vjjfzi-KamsmIGS_ogwEQ,1,Positivo
74XkRyUlZ8QDbX6ccaVtHA,At Your Service,"2169 Drew St Clearwater, FL 33765",Clearwater,FL,33765,(727) 410-5134,Auto Detailing,5.0,2,,27.9673901,-82.7475586,https://www.yelp.com/biz/at-your-service-clearwater?adjust_creative=3Vjjfzi-KamsmIGS_ogwEQ&utm_campaign=yelp_api_v3&utm_medium=api_v3_business_search&utm_source=3Vjjfzi-KamsmIGS_ogwEQ,2,Positivo
rCW4RT1RJAZzwvaeJuyjkg,Enchanted Auto Detail and Beyond,"18043 Drayton St Spring Hill, FL 34610",Spring Hill,FL,34610,(352) 777-3057,"Auto Detailing, Car Wash",0.0,0,,28.42036,-82.53257,https://www.yelp.com/biz/enchanted-auto-detail-and-beyond-spring-hill?adjust_creative=3Vjjfzi-KamsmIGS_ogwEQ&utm_campaign=yelp_api_v3&utm_medium=api_v3_business_search&utm_source=3Vjjfzi-KamsmIGS_ogwEQ,0,neutral
cUqAdSz5i6NMWfHoAcfF-A,Two A Mobile Detailing,"13333 Ridge Rd Largo, FL 33778",Largo,FL,33778,(727) 916-2178,"Auto Detailing, Car Wash",0.0,0,,27.8935516,-82.79645090000001,https://www.yelp.com/biz/two-a-mobile-detailing-largo?adjust_creative=3Vjjfzi-KamsmIGS_ogwEQ&utm_campaign=yelp_api_v3&utm_medium=api_v3_business_search&utm_source=3Vjjfzi-KamsmIGS_ogwEQ,0,neutral
G4dCNDl30ZYSUFvFqIhaQA,CD Detailing,"Hudson, FL 34667",Hudson,FL,34667,(727) 267-1999,"Car Wash, Auto Detailing",0.0,0,,28.3593650516574,-82.68880042652992,https://www.yelp.com/biz/cd-detailing-hudson?adjust_creative=3Vjjfzi-KamsmIGS_ogwEQ&utm_campaign=yelp_api_v3&utm_medium=api_v3_business_search&utm_source=3Vjjfzi-KamsmIGS_ogwEQ,0,neutral
JbhE8qGE0AJQQfTpLWlbpw,Shine On Your Time Mobile Detailing,"Clearwater, FL 33755",Clearwater,FL,33755,(727) 451-9299,Auto Detailing,5.0,5,,27.979603,-82.779835,https://www.yelp.com/biz/shine-on-your-time-mobile-detailing-clearwater-3?adjust_creative=3Vjjfzi-KamsmIGS_ogwEQ&utm_campaign=yelp_api_v3&utm_medium=api_v3_business_search&utm_source=3Vjjfzi-KamsmIGS_ogwEQ,5,Positivo
wMlsD-6BKja8IQT_OhGy4A,Bayou Tinting & Detailing,"8100 Park Blvd Pinellas Park, FL 33781",Pinellas Park,FL,33781,(727) 544-2886,"Auto Detailing, Car Window Tinting",4.8,34,,27.838761,-82.75138,https://www.yelp.com/biz/bayou-tinting-and-detailing-pinellas-park-3?adjust_creative=3Vjjfzi-KamsmIGS_ogwEQ&utm_campaign=yelp_api_v3&utm_medium=api_v3_business_search&utm_source=3Vjjfzi-KamsmIGS_ogwEQ,7,Positivo
hdJ-i3gd4bLu8FXxqSp1Ew,On the Spot Detailing,"11001 49th St N Ste A Clearwater, FL 33762",Clearwater,FL,33762,(727) 686-8468,Auto Detailing,3.9,7,,27.8722133636475,-82.6996688842773,https://www.yelp.com/biz/on-the-spot-detailing-clearwater?adjust_creative=3Vjjfzi-KamsmIGS_ogwEQ&utm_campaign=yelp_api_v3&utm_medium=api_v3_business_search&utm_source=3Vjjfzi-KamsmIGS_ogwEQ,7,Positivo
8mk0fNUXTKV0vfAw0dFXvQ,Westchase Mobile Detailing,"11924 Snapdragon Rd Tampa, FL 33635",Tampa,FL,33635,(813) 515-1560,Auto Detailing,0.0,0,,28.02897,-82.61733,https://www.yelp.com/biz/westchase-mobile-detailing-tampa-3?adjust_creative=3Vjjfzi-KamsmIGS_ogwEQ&utm_campaign=yelp_api_v3&utm_medium=api_v3_business_search&utm_source=3Vjjfzi-KamsmIGS_ogwEQ,0,neutral
aHSOx6ZZ7ostpRaZ_HyRXQ,Brilliant Shine,"22911 State Rd 54 Lutz, FL 33549",Lutz,FL,33549,(813) 492-6338,"Car Wash, Auto Detailing",5.0,1,,28.186414966914217,-82.4373272,https://www.yelp.com/biz/brilliant-shine-lutz-2?adjust_creative=3Vjjfzi-KamsmIGS_ogwEQ&utm_campaign=yelp_api_v3&utm_medium=api_v3_business_search&utm_source=3Vjjfzi-KamsmIGS_ogwEQ,1,Positivo
MjHESpVohEQIfXjsHEVzHg,JCR Mobile Detailing,"Largo, FL 33770",Largo,FL,33770,(727) 953-2741,"Auto Detailing, Car Wash",5.0,1,,27.92221,-82.79311,https://www.yelp.com/biz/jcr-mobile-detailing-largo?adjust_creative=3Vjjfzi-KamsmIGS_ogwEQ&utm_campaign=yelp_api_v3&utm_medium=api_v3_business_search&utm_source=3Vjjfzi-KamsmIGS_ogwEQ,1,Positivo
yUhNn30LM1MyWTKn6ObomA,Detail Daddy,"Dunedin, FL 34698",Dunedin,FL,34698,(727) 831-2065,Auto Detailing,4.4,14,,28.0405311584473,-82.7865295410156,https://www.yelp.com/biz/detail-daddy-dunedin?adjust_creative=3Vjjfzi-KamsmIGS_ogwEQ&utm_campaign=yelp_api_v3&utm_medium=api_v3_business_search&utm_source=3Vjjfzi-KamsmIGS_ogwEQ,7,Positivo
Svyw7GyqzypcwDJHRbxcSg,West Coast Shine,"Palmetto, FL 34221",Palmetto,FL,34221,(407) 242-5155,"Auto Detailing, Car Wash",5.0,2,,27.5222644805908,-82.5706329345703,https://www.yelp.com/biz/west-coast-shine-palmetto?adjust_creative=3Vjjfzi-KamsmIGS_ogwEQ&utm_campaign=yelp_api_v3&utm_medium=api_v3_business_search&utm_source=3Vjjfzi-KamsmIGS_ogwEQ,2,Positivo
Tn2gYXck4y6YwsXmJ0fREw,Tim's Elite Auto Detailing,"Land O' Lakes, FL 34639",Land O' Lakes,FL,34639,(813) 803-2187,"Auto Detailing, Car Wash",5.0,1,,28.22349,-82.43349,https://www.yelp.com/biz/tims-elite-auto-detailing-land-o-lakes?adjust_creative=3Vjjfzi-KamsmIGS_ogwEQ&utm_campaign=yelp_api_v3&utm_medium=api_v3_business_search&utm_source=3Vjjfzi-KamsmIGS_ogwEQ,1,Positivo
004Izv-C8v54O0yhNYCAjA,Pasadena Car Wash & Auto Detailing,"76 Pasadena Ave S Saint Petersburg, FL 33707",Saint Petersburg,FL,33707,(727) 343-2885,"Car Wash, Auto Detailing",2.9,93,,27.77023,-82.73176,https://www.yelp.com/biz/pasadena-car-wash-and-auto-detailing-saint-petersburg?adjust_creative=3Vjjfzi-KamsmIGS_ogwEQ&utm_campaign=yelp_api_v3&utm_medium=api_v3_business_search&utm_source=3Vjjfzi-KamsmIGS_ogwEQ,7,Positivo
IvOTa_IXcwI6HHLppmFOoA,Spark Mobile Detailing,"Palm Harbor, FL 34683",Palm Harbor,FL,34683,(727) 479-3625,"Car Wash, Auto Detailing",0.0,0,,28.086305,-82.760006,https://www.yelp.com/biz/spark-mobile-detailing-palm-harbor?adjust_creative=3Vjjfzi-KamsmIGS_ogwEQ&utm_campaign=yelp_api_v3&utm_medium=api_v3_business_search&utm_source=3Vjjfzi-KamsmIGS_ogwEQ,0,neutral
wRsJcDq-nu_xbxK-9baOEQ,Palmer Automotive Detailing,"301 57th St W Bradenton, FL 34209",Bradenton,FL,34209,(941) 920-4245,Auto Detailing,0.0,0,,27.498056223126923,-82.61756466999394,https://www.yelp.com/biz/palmer-automotive-detailing-bradenton?adjust_creative=3Vjjfzi-KamsmIGS_ogwEQ&utm_campaign=yelp_api_v3&utm_medium=api_v3_business_search&utm_source=3Vjjfzi-KamsmIGS_ogwEQ,0,neutral
an6_kEfsNx00zXnTN8e8dg,Legacy Detailing,"705 Live Oak St Ste L Tarpon Springs, FL 34689",Tarpon Springs,FL,34689,(727) 859-2051,"Auto Detailing, Car Wash",4.4,7,,28.1544768,-82.7455398,https://www.yelp.com/biz/legacy-detailing-tarpon-springs?adjust_creative=3Vjjfzi-KamsmIGS_ogwEQ&utm_campaign=yelp_api_v3&utm_medium=api_v3_business_search&utm_source=3Vjjfzi-KamsmIGS_ogwEQ,7,Positivo
g_LxkotRBFu-LXtTiVm1cQ,Detailing Dash,"St. Petersburg, FL 33713",St. Petersburg,FL,33713,(317) 850-7974,"Car Wash, Auto Detailing",0.0,0,,27.788793,-82.677558,https://www.yelp.com/biz/detailing-dash-st-petersburg-2?adjust_creative=3Vjjfzi-KamsmIGS_ogwEQ&utm_campaign=yelp_api_v3&utm_medium=api_v3_business_search&utm_source=3Vjjfzi-KamsmIGS_ogwEQ,0,neutral
Xwf6sbWBYIGHuHXHdZLjfg,Window Kote of Largo,"10765 Ulmerton Rd Largo, FL 33778",Largo,FL,33778,(727) 587-0222,"Home Window Tinting, Car Window Tinting, Auto Detailing",4.8,32,,27.8950252532959,-82.7885971069336,https://www.yelp.com/biz/window-kote-of-largo-largo?adjust_creative=3Vjjfzi-KamsmIGS_ogwEQ&utm_campaign=yelp_api_v3&utm_medium=api_v3_business_search&utm_source=3Vjjfzi-KamsmIGS_ogwEQ,7,Positivo
sPDRkym8PtzerYRSARNkCQ,Chrome Crown Detailing,"Oldsmar, FL 34677",Oldsmar,FL,34677,(813) 503-7672,"Auto Detailing, Car Wash",0.0,0,,28.04137611,-82.68093872,https://www.yelp.com/biz/chrome-crown-detailing-oldsmar?adjust_creative=3Vjjfzi-KamsmIGS_ogwEQ&utm_campaign=yelp_api_v3&utm_medium=api_v3_business_search&utm_source=3Vjjfzi-KamsmIGS_ogwEQ,0,neutral
8AGr69o9duI9N9bViAaDbw,Stunzeed Auto Stylez,"4895 34th St N St. Petersburg, FL 33714",St. Petersburg,FL,33714,(866) 788-6933,"Auto Detailing, Vehicle Wraps, Car Window Tinting",4.7,23,,27.8161169,-82.6790797,https://www.yelp.com/biz/stunzeed-auto-stylez-st-petersburg?adjust_creative=3Vjjfzi-KamsmIGS_ogwEQ&utm_campaign=yelp_api_v3&utm_medium=api_v3_business_search&utm_source=3Vjjfzi-KamsmIGS_ogwEQ,7,Positivo
QkT2voPBHNH2hdb8oODzpw,Resurrection Auto Detailing,"Tarpon Springs, FL 34698",Tarpon Springs,FL,34698,(727) 823-2500,Auto Detailing,4.8,10,,28.14621925,-82.7566452,https://www.yelp.com/biz/resurrection-auto-detailing-tarpon-springs-2?adjust_creative=3Vjjfzi-KamsmIGS_ogwEQ&utm_campaign=yelp_api_v3&utm_medium=api_v3_business_search&utm_source=3Vjjfzi-KamsmIGS_ogwEQ,7,Positivo
TLPC3zAYnVcNhodlglP35A,First Class Detailing,"612 Florida Ave Unit B Palm Harbor, FL 34683",Palm Harbor,FL,34683,(727) 403-7831,"Car Wash, Auto Detailing, Car Window Tinting",4.1,7,,28.064588,-82.7755469,https://www.yelp.com/biz/first-class-detailing-palm-harbor?adjust_creative=3Vjjfzi-KamsmIGS_ogwEQ&utm_campaign=yelp_api_v3&utm_medium=api_v3_business_search&utm_source=3Vjjfzi-KamsmIGS_ogwEQ,7,Positivo
aC_3jOyr5laLqunnSbMP8A,Ultimate Auto Spa,"Palm Harbor, FL 34684",Palm Harbor,FL,34684,(727) 420-1057,Auto Detailing,5.0,3,,28.083141,-82.73917,https://www.yelp.com/biz/ultimate-auto-spa-palm-harbor?adjust_creative=3Vjjfzi-KamsmIGS_ogwEQ&utm_campaign=yelp_api_v3&utm_medium=api_v3_business_search&utm_source=3Vjjfzi-KamsmIGS_ogwEQ,3,Positivo
C725UVN2Ox8pf6Rb_YwNZw,WOW Express,"1246 Seven Springs Blvd New Port Richey, FL 34655",New Port Richey,FL,34655,(727) 375-5093,"Oil Change Stations, Auto Repair, Car Wash",4.4,43,,28.178102,-82.698356,https://www.yelp.com/biz/wow-express-new-port-richey-5?adjust_creative=3Vjjfzi-KamsmIGS_ogwEQ&utm_campaign=yelp_api_v3&utm_medium=api_v3_business_search&utm_source=3Vjjfzi-KamsmIGS_ogwEQ,7,Positivo
uywqOPFhMI-5KxIKPsdYGw,Frontline mobile auto detail,"Hudson, FL 34667",Hudson,FL,34667,(727) 247-0655,Auto Detailing,5.0,1,,28.3593650516574,-82.68880042652992,https://www.yelp.com/biz/frontline-mobile-auto-detail-hudson?adjust_creative=3Vjjfzi-KamsmIGS_ogwEQ&utm_campaign=yelp_api_v3&utm_medium=api_v3_business_search&utm_source=3Vjjfzi-KamsmIGS_ogwEQ,1,Positivo
as3cAa3hc-jacCrekQlTEQ,Suncoast Custom Auto Detailing,"New Port Richey , FL 34655",New Port Richey ,FL,34655,(813) 727-0873,"Auto Detailing, Car Wash",5.0,4,,28.22863,-82.65815,https://www.yelp.com/biz/suncoast-custom-auto-detailing-new-port-richey-17?adjust_creative=3Vjjfzi-KamsmIGS_ogwEQ&utm_campaign=yelp_api_v3&utm_medium=api_v3_business_search&utm_source=3Vjjfzi-KamsmIGS_ogwEQ,4,Positivo
HCCWCkLH_ZHC1I1mLgzCLQ,SR Detailing,"1512 E 12th Ave Tampa Bay, FL 33605",Tampa Bay,FL,33605,(813) 597-7796,"Auto Detailing, Car Wash",5.0,1,,27.96395696706848,-82.43983779999999,https://www.yelp.com/biz/sr-detailing-tampa-bay-4?adjust_creative=3Vjjfzi-KamsmIGS_ogwEQ&utm_campaign=yelp_api_v3&utm_medium=api_v3_business_search&utm_source=3Vjjfzi-KamsmIGS_ogwEQ,1,Positivo
--XyChjYVHeM4tNps-aFeQ,Palm Tree Auto Detail,"St. Petersburg, FL 33701",St. Petersburg,FL,33701,(727) 317-8317,Auto Detailing,0.0,0,,27.77039105596507,-82.63570313789184,https://www.yelp.com/biz/palm-tree-auto-detail-st-petersburg?adjust_creative=3Vjjfzi-KamsmIGS_ogwEQ&utm_campaign=yelp_api_v3&utm_medium=api_v3_business_search&utm_source=3Vjjfzi-KamsmIGS_ogwEQ,0,neutral
v1JA3YOtnawECKt6dXKkpA,Troy’s Mobile Detailing,"Seminole, FL 33772",Seminole,FL,33772,(727) 623-1688,"Car Wash, Auto Detailing",5.0,4,,27.84461784,-82.79541016,https://www.yelp.com/biz/troy-s-mobile-detailing-seminole?adjust_creative=3Vjjfzi-KamsmIGS_ogwEQ&utm_campaign=yelp_api_v3&utm_medium=api_v3_business_search&utm_source=3Vjjfzi-KamsmIGS_ogwEQ,4,Positivo
UFYTFqVMdja8E5d3ONxHTA,Kadens Mobile Detailing,"St Petersburg, FL 33703",St Petersburg,FL,33703,(727) 643-0489,"Car Wash, Auto Detailing",0.0,0,,27.81756313000384,-82.6242541775357,https://www.yelp.com/biz/kadens-mobile-detailing-st-petersburg?adjust_creative=3Vjjfzi-KamsmIGS_ogwEQ&utm_campaign=yelp_api_v3&utm_medium=api_v3_business_search&utm_source=3Vjjfzi-KamsmIGS_ogwEQ,0,neutral
Dr2w7hDBRWrnRsf1cTJIyQ,OCD Detailing Solutions,"St. Petersburg , FL 33770",St. Petersburg ,FL,33770,(863) 272-3522,"Auto Detailing, Car Wash",0.0,0,,27.77206993,-82.63848877,https://www.yelp.com/biz/ocd-detailing-solutions-st-petersburg?adjust_creative=3Vjjfzi-KamsmIGS_ogwEQ&utm_campaign=yelp_api_v3&utm_medium=api_v3_business_search&utm_source=3Vjjfzi-KamsmIGS_ogwEQ,0,neutral
sQCXZcFpejzBu5s0Wt71Nw,Riptide Wraps & Details ,"14525 62nd St N Ste 11 Clearwater, FL 33760",Clearwater,FL,33760,(727) 254-7711,"Auto Detailing, Vehicle Wraps",5.0,11,,27.904087490787425,-82.7198685565801,https://www.yelp.com/biz/riptide-wraps-and-details-clearwater?adjust_creative=3Vjjfzi-KamsmIGS_ogwEQ&utm_campaign=yelp_api_v3&utm_medium=api_v3_business_search&utm_source=3Vjjfzi-KamsmIGS_ogwEQ,7,Positivo
-MYIApq3zBfZ9OPSW21kUg,Cosmic’s Auto Detailing,"Port Richey, FL 34668",Port Richey,FL,34668,(727) 776-2097,Auto Detailing,0.0,0,,28.27584,-82.72516,https://www.yelp.com/biz/cosmic-s-auto-detailing-port-richey?adjust_creative=3Vjjfzi-KamsmIGS_ogwEQ&utm_campaign=yelp_api_v3&utm_medium=api_v3_business_search&utm_source=3Vjjfzi-KamsmIGS_ogwEQ,0,neutral
fhase0zKOopX5U2-yo3ijw,Hands On Mobile Wash,"8536 Honeywell Rd Lot 67 Gibsonton, FL 33534",Gibsonton,FL,33534,(813) 492-5666,"Lawn Services, Auto Detailing, Auto Repair",5.0,1,,27.83993030665962,-82.35798047439684,https://www.yelp.com/biz/hands-on-mobile-wash-gibsonton-2?adjust_creative=3Vjjfzi-KamsmIGS_ogwEQ&utm_campaign=yelp_api_v3&utm_medium=api_v3_business_search&utm_source=3Vjjfzi-KamsmIGS_ogwEQ,1,Positivo
3rPNGKR0ZjqA58Qd3MAKEw,Fisk Mobile Car Detailing,"Holiday, FL 34690",Holiday,FL,34690,(727) 480-0932,Auto Detailing,0.0,0,,28.1917057,-82.72563171,https://www.yelp.com/biz/fisk-mobile-car-detailing-holiday?adjust_creative=3Vjjfzi-KamsmIGS_ogwEQ&utm_campaign=yelp_api_v3&utm_medium=api_v3_business_search&utm_source=3Vjjfzi-KamsmIGS_ogwEQ,0,neutral
yAo6c5m9fwxY4z7Q7SCPaw,Apex Mobile Detailing & Ceramic,"New Port Richey, FL 34654",New Port Richey,FL,34654,(727) 207-4977,"Car Wash, Auto Detailing",0.0,0,,28.2441768,-82.7192671,https://www.yelp.com/biz/apex-mobile-detailing-and-ceramic-new-port-richey-2?adjust_creative=3Vjjfzi-KamsmIGS_ogwEQ&utm_campaign=yelp_api_v3&utm_medium=api_v3_business_search&utm_source=3Vjjfzi-KamsmIGS_ogwEQ,0,neutral
Jf0edwtGu2qOXUD6nB-TgA,Milton’s Wash,"Tampa, FL 33634",Tampa,FL,33634,(813) 382-8988,"Pressure Washers, Car Wash, Auto Detailing",0.0,0,,28.00739861,-82.54647827,https://www.yelp.com/biz/milton-s-wash-tampa?adjust_creative=3Vjjfzi-KamsmIGS_ogwEQ&utm_campaign=yelp_api_v3&utm_medium=api_v3_business_search&utm_source=3Vjjfzi-KamsmIGS_ogwEQ,0,neutral
nz2GdYAldeG0YnCJyBh_Pg,Coastal Bay Auto Detailing,"Greater Northdale, FL 33626",Greater Northdale,FL,33626,(205) 773-0089,Auto Detailing,0.0,0,,28.09952545,-82.516716,https://www.yelp.com/biz/coastal-bay-auto-detailing-greater-northdale?adjust_creative=3Vjjfzi-KamsmIGS_ogwEQ&utm_campaign=yelp_api_v3&utm_medium=api_v3_business_search&utm_source=3Vjjfzi-KamsmIGS_ogwEQ,0,neutral
Qtm5uEPd58R0hvI9X0xRQA,Deos Mobile Detailing,"Lakeland, FL 33810",Lakeland,FL,33810,(863) 262-1636,Auto Detailing,0.0,0,,28.11394882,-82.00813293,https://www.yelp.com/biz/deos-mobile-detailing-lakeland?adjust_creative=3Vjjfzi-KamsmIGS_ogwEQ&utm_campaign=yelp_api_v3&utm_medium=api_v3_business_search&utm_source=3Vjjfzi-KamsmIGS_ogwEQ,0,neutral
DrGB2ZtHmiOPybXJwTN4uQ,Wrecktified Paint & Collision Hudson,"12623 Us-19 Hudson, FL 34667",Hudson,FL,34667,(727) 202-0955,"Auto Repair, Auto Detailing, Body Shops",0.0,0,,28.340775,-82.699986,https://www.yelp.com/biz/wrecktified-paint-and-collision-hudson-hudson-3?adjust_creative=3Vjjfzi-KamsmIGS_ogwEQ&utm_campaign=yelp_api_v3&utm_medium=api_v3_business_search&utm_source=3Vjjfzi-KamsmIGS_ogwEQ,0,neutral
qQ2Kd7ShSwVaok3XFVqSKA,RSA Mobile Auto Detailing,"Sarasota, FL 34233",Sarasota,FL,34233,(941) 600-1577,Auto Detailing,0.0,0,,27.283783,-82.472976,https://www.yelp.com/biz/rsa-mobile-auto-detailing-sarasota-3?adjust_creative=3Vjjfzi-KamsmIGS_ogwEQ&utm_campaign=yelp_api_v3&utm_medium=api_v3_business_search&utm_source=3Vjjfzi-KamsmIGS_ogwEQ,0,neutral
1WC0nPGLPzFtfE7rRgJGyA,Timo Detailing Services,"15215 Livingston Ave Lutz, FL 33559",Lutz,FL,33559,(256) 660-8704,"Auto Detailing, Car Wash, Pressure Washers",1.0,1,,28.092359152359943,-82.42889249999999,https://www.yelp.com/biz/timo-detailing-services-lutz?adjust_creative=3Vjjfzi-KamsmIGS_ogwEQ&utm_campaign=yelp_api_v3&utm_medium=api_v3_business_search&utm_source=3Vjjfzi-KamsmIGS_ogwEQ,1,Neutral
hV7LRQt147p5Jz5tYz2KkA,OnSite AutoBrite Mobile Detailing,"Largo, FL 33771",Largo,FL,33771,(727) 642-6080,"Auto Detailing, Pressure Washers",5.0,1,,27.906883239746097,-82.76252746582031,https://www.yelp.com/biz/onsite-autobrite-mobile-detailing-largo?adjust_creative=3Vjjfzi-KamsmIGS_ogwEQ&utm_campaign=yelp_api_v3&utm_medium=api_v3_business_search&utm_source=3Vjjfzi-KamsmIGS_ogwEQ,1,Positivo
Aw8CH1uQ3hStcJTB6VXDYQ,Mister Car Wash,"4330 COMMERCIAL WAY Spring Hill, FL 34606",Spring Hill,FL,34606,(352) 597-5573,"Car Wash, Auto Detailing",3.1,21,,28.492651677461843,-82.59666737913321,https://www.yelp.com/biz/mister-car-wash-spring-hill?adjust_creative=3Vjjfzi-KamsmIGS_ogwEQ&utm_campaign=yelp_api_v3&utm_medium=api_v3_business_search&utm_source=3Vjjfzi-KamsmIGS_ogwEQ,7,Neutral
l4GT3Q788x5s4-EcrpqfQw,Sudz & Shine,"13807 American Prairie Pl Lakewood Ranch, FL 34211",Lakewood Ranch,FL,34211,(813) 557-6424,"Auto Detailing, Pressure Washers",0.0,0,,27.47667,-82.40367,https://www.yelp.com/biz/sudz-and-shine-lakewood-ranch-2?adjust_creative=3Vjjfzi-KamsmIGS_ogwEQ&utm_campaign=yelp_api_v3&utm_medium=api_v3_business_search&utm_source=3Vjjfzi-KamsmIGS_ogwEQ,0,neutral
kmkmlaXD6EwTmmDkZb3OQQ,Ymc Details,"2996 52nd Ave Dr W Bradenton, FL 34207",Bradenton,FL,34207,(941) 592-5613,"Car Wash, Auto Detailing",0.0,0,,27.449192881475245,-82.5917331,https://www.yelp.com/biz/ymc-details-bradenton-2?adjust_creative=3Vjjfzi-KamsmIGS_ogwEQ&utm_campaign=yelp_api_v3&utm_medium=api_v3_business_search&utm_source=3Vjjfzi-KamsmIGS_ogwEQ,0,neutral
e6OLJ1M5j0A1RlA0CPNkjg,Crystal Cleaning Services,"Riverview, FL 33578",Riverview,FL,33578,(813) 446-3587,"Home Cleaning, Office Cleaning, Auto Detailing",0.0,0,,27.87174,-82.33008,https://www.yelp.com/biz/crystal-cleaning-services-riverview?adjust_creative=3Vjjfzi-KamsmIGS_ogwEQ&utm_campaign=yelp_api_v3&utm_medium=api_v3_business_search&utm_source=3Vjjfzi-KamsmIGS_ogwEQ,0,neutral
l83ac9CQivVXca2jSwAldA,Affinity Mobile Detailing,"8100 Park Blvd Pinellas Park, FL 33781",Pinellas Park,FL,33781,(727) 280-3576,Auto Detailing,1.0,1,,27.9092876,-82.7397926,https://www.yelp.com/biz/affinity-mobile-detailing-pinellas-park-2?adjust_creative=3Vjjfzi-KamsmIGS_ogwEQ&utm_campaign=yelp_api_v3&utm_medium=api_v3_business_search&utm_source=3Vjjfzi-KamsmIGS_ogwEQ,1,Negativo
UxJRbhpW8SphyrPdIj9nGw,Mister Friendly Auto Spa,"5711 US-19 New Port Richey, FL 34652",New Port Richey,FL,34652,(727) 569-1935,"Auto Detailing, Car Wash",3.0,9,,28.2421980215985,-82.7282214768083,https://www.yelp.com/biz/mister-friendly-auto-spa-new-port-richey?adjust_creative=3Vjjfzi-KamsmIGS_ogwEQ&utm_campaign=yelp_api_v3&utm_medium=api_v3_business_search&utm_source=3Vjjfzi-KamsmIGS_ogwEQ,7,Neutral
XggQKQ36vcvJMtgQ8zhvvQ,Complete Cosmetic Care Services  ,"Port Richey, FL 34668",Port Richey,FL,34668,(812) 307-8880,"Auto Detailing, Home Cleaning, Lawn Services",0.0,0,,28.27584,-82.72516,https://www.yelp.com/biz/complete-cosmetic-care-services-port-richey-2?adjust_creative=3Vjjfzi-KamsmIGS_ogwEQ&utm_campaign=yelp_api_v3&utm_medium=api_v3_business_search&utm_source=3Vjjfzi-KamsmIGS_ogwEQ,0,neutral
g--wIobaC6J5EtWkMW9-ig,Sam's Mobile Detailing,"4350 45th St N St. Petersburg, FL 33714",St. Petersburg,FL,33714,(727) 647-3810,Auto Detailing,4.4,9,,27.811647210383978,-82.69489205672438,https://www.yelp.com/biz/sams-mobile-detailing-st-petersburg?adjust_creative=3Vjjfzi-KamsmIGS_ogwEQ&utm_campaign=yelp_api_v3&utm_medium=api_v3_business_search&utm_source=3Vjjfzi-KamsmIGS_ogwEQ,7,Positivo
6fnVvlYMF-w4j1ohnz714w,Twins with a Truck,"St. Petersburg, FL 33702",St. Petersburg,FL,33702,(727) 260-3848,"Car Wash, Pressure Washers, Auto Detailing",0.0,0,,27.845426062055527,-82.63172487831416,https://www.yelp.com/biz/twins-with-a-truck-st-petersburg?adjust_creative=3Vjjfzi-KamsmIGS_ogwEQ&utm_campaign=yelp_api_v3&utm_medium=api_v3_business_search&utm_source=3Vjjfzi-KamsmIGS_ogwEQ,0,neutral
iDlSQ5Bc571s9nM1FUk7-w,Auto Body Art,"1299 Starkey Rd Unit 205 Largo, FL 33771",Largo,FL,33771,(727) 554-7540,"Auto Detailing, Body Shops",0.0,0,,27.9052,-82.76166,https://www.yelp.com/biz/auto-body-art-largo?adjust_creative=3Vjjfzi-KamsmIGS_ogwEQ&utm_campaign=yelp_api_v3&utm_medium=api_v3_business_search&utm_source=3Vjjfzi-KamsmIGS_ogwEQ,0,neutral
wxYd-vrOOu3bx_10eGJ7dw,Y&K all Around Detailing Services,"Mulberry, FL 33860",Mulberry,FL,33860,(727) 297-0945,"Car Wash, Auto Detailing",0.0,0,,27.912460000000003,-81.9782623045646,https://www.yelp.com/biz/y-and-k-all-around-detailing-services-mulberry?adjust_creative=3Vjjfzi-KamsmIGS_ogwEQ&utm_campaign=yelp_api_v3&utm_medium=api_v3_business_search&utm_source=3Vjjfzi-KamsmIGS_ogwEQ,0,neutral
bFP-M8vduxnSAFAqU3z0-Q,Certified Ceramics,"15926 US Hwy 19 Hudson, FL 34667",Hudson,FL,34667,(813) 448-1351,Auto Detailing,3.3,4,,28.38904601172989,-82.6689796,https://www.yelp.com/biz/certified-ceramics-hudson-2?adjust_creative=3Vjjfzi-KamsmIGS_ogwEQ&utm_campaign=yelp_api_v3&utm_medium=api_v3_business_search&utm_source=3Vjjfzi-KamsmIGS_ogwEQ,4,Positivo
xELWWFCyqg3TrpbyKXl-CA,The Detail Authority LLC,"11936 Meadow Dr Port Richey, FL 34668",Port Richey,FL,34668,(845) 391-7086,"Auto Detailing, Car Wash",0.0,0,,28.33051,-82.68438,https://www.yelp.com/biz/the-detail-authority-llc-port-richey?adjust_creative=3Vjjfzi-KamsmIGS_ogwEQ&utm_campaign=yelp_api_v3&utm_medium=api_v3_business_search&utm_source=3Vjjfzi-KamsmIGS_ogwEQ,0,neutral
eJ45zgWPUCOBZajdwDCu8g,JackBDetailing,"St. Petersburg, FL 33701",St. Petersburg,FL,33701,(602) 708-0837,"Auto Detailing, Car Wash",5.0,1,,27.7840009161579,-82.6391007335574,https://www.yelp.com/biz/jackbdetailing-st-petersburg?adjust_creative=3Vjjfzi-KamsmIGS_ogwEQ&utm_campaign=yelp_api_v3&utm_medium=api_v3_business_search&utm_source=3Vjjfzi-KamsmIGS_ogwEQ,1,Positivo
c5mZz9hsmhETstoDrtF13Q,Paradise Auto Detailing,"Bradenton, FL 34203",Bradenton,FL,34203,(201) 960-4004,"Car Wash, Auto Detailing",5.0,1,,27.44095612,-82.51960754,https://www.yelp.com/biz/paradise-auto-detailing-bradenton?adjust_creative=3Vjjfzi-KamsmIGS_ogwEQ&utm_campaign=yelp_api_v3&utm_medium=api_v3_business_search&utm_source=3Vjjfzi-KamsmIGS_ogwEQ,1,Positivo
4Rt8Im6iWbkVfplawqaK4w,Auto Luxe,"2830 46th Ave N St. Petersburg, FL 33714",St. Petersburg,FL,33714,(727) 922-3034,Auto Detailing,0.0,0,,27.813536,-82.671971,https://www.yelp.com/biz/auto-luxe-st-petersburg?adjust_creative=3Vjjfzi-KamsmIGS_ogwEQ&utm_campaign=yelp_api_v3&utm_medium=api_v3_business_search&utm_source=3Vjjfzi-KamsmIGS_ogwEQ,0,neutral
mYPkKKWTtWYVR-YG-__hew,Razor Sharp Detailing,"Largo, FL 33778",Largo,FL,33778,(941) 271-2557,"Auto Detailing, Car Wash",5.0,1,,27.88448906,-82.79597473,https://www.yelp.com/biz/razor-sharp-detailing-largo?adjust_creative=3Vjjfzi-KamsmIGS_ogwEQ&utm_campaign=yelp_api_v3&utm_medium=api_v3_business_search&utm_source=3Vjjfzi-KamsmIGS_ogwEQ,1,Positivo
MYsjU-H1JwpQXFpK5aecjQ,Destination Detailing,"Pinellas Park, FL 33781",Pinellas Park,FL,33781,(727) 337-8688,Auto Detailing,5.0,1,,27.838643465960224,-82.71519852498027,https://www.yelp.com/biz/destination-detailing-pinellas-park?adjust_creative=3Vjjfzi-KamsmIGS_ogwEQ&utm_campaign=yelp_api_v3&utm_medium=api_v3_business_search&utm_source=3Vjjfzi-KamsmIGS_ogwEQ,1,Positivo
HeOU2KWO7GePUmX_XxJq7Q,Tyler's Elite Auto Spa,"Bradenton, FL 34207",Bradenton,FL,34207,(941) 840-8829,"Car Wash, Auto Detailing",0.0,0,,27.44132996,-82.57544708,https://www.yelp.com/biz/tylers-elite-auto-spa-bradenton?adjust_creative=3Vjjfzi-KamsmIGS_ogwEQ&utm_campaign=yelp_api_v3&utm_medium=api_v3_business_search&utm_source=3Vjjfzi-KamsmIGS_ogwEQ,0,neutral
5EXNBAYri3E3iRL5SQW6vw,Clean Cars Auto Detailing,"Clearwater, FL 33760",Clearwater,FL,33760,(727) 510-3355,"Auto Detailing, Car Wash",3.5,13,,27.91155,-82.71192,https://www.yelp.com/biz/clean-cars-auto-detailing-clearwater?adjust_creative=3Vjjfzi-KamsmIGS_ogwEQ&utm_campaign=yelp_api_v3&utm_medium=api_v3_business_search&utm_source=3Vjjfzi-KamsmIGS_ogwEQ,7,Positivo
m_JB0SwB6zj4LJv5EDHieg,Ride & Shine Mobile Detailing,"Land O' Lakes, FL 34638",Land O' Lakes,FL,34638,(813) 580-0349,"Auto Detailing, Car Wash, Pressure Washers",4.9,28,,28.23872566,-82.50276184,https://www.yelp.com/biz/ride-and-shine-mobile-detailing-land-o-lakes?adjust_creative=3Vjjfzi-KamsmIGS_ogwEQ&utm_campaign=yelp_api_v3&utm_medium=api_v3_business_search&utm_source=3Vjjfzi-KamsmIGS_ogwEQ,7,Positivo
izAX_sa9jpzIIvXN4-_lMQ,AMI Carwash,"5804 Marina Dr Holmes Beach, FL 34217",Holmes Beach,FL,34217,(941) 281-5340,"Auto Detailing, Car Wash",4.0,4,,27.50992,-82.71495,https://www.yelp.com/biz/ami-carwash-holmes-beach?adjust_creative=3Vjjfzi-KamsmIGS_ogwEQ&utm_campaign=yelp_api_v3&utm_medium=api_v3_business_search&utm_source=3Vjjfzi-KamsmIGS_ogwEQ,4,Positivo
nKDVg_DMX0tijfZBEaL_yQ,Oleo - Mobile Oil Change and Detailing,"Tampa, FL 33607",Tampa,FL,33607,(813) 530-5805,"Auto Detailing, Oil Change Stations",5.0,6,,27.96064,-82.48062,https://www.yelp.com/biz/oleo-mobile-oil-change-and-detailing-tampa-4?adjust_creative=3Vjjfzi-KamsmIGS_ogwEQ&utm_campaign=yelp_api_v3&utm_medium=api_v3_business_search&utm_source=3Vjjfzi-KamsmIGS_ogwEQ,6,Positivo
HpEpZF7xnOzkfPEMkEMlBg,Northgate Detail Center,"1000 94th Ave N Saint Petersburg, FL 33702",Saint Petersburg,FL,33702,(727) 576-1810,"Car Wash, Auto Detailing",3.3,21,,27.85695,-82.64824,https://www.yelp.com/biz/northgate-detail-center-saint-petersburg?adjust_creative=3Vjjfzi-KamsmIGS_ogwEQ&utm_campaign=yelp_api_v3&utm_medium=api_v3_business_search&utm_source=3Vjjfzi-KamsmIGS_ogwEQ,7,Neutral
UWMjG4ndamYDgV81ETsw1w,CarLocker,"1900 13th Ave N St. Petersburg, FL 33713",St. Petersburg,FL,33713,(727) 353-5625,"Self Storage, Auto Detailing, Car Brokers",1.0,1,,27.78451,-82.65949,https://www.yelp.com/biz/carlocker-st-petersburg-2?adjust_creative=3Vjjfzi-KamsmIGS_ogwEQ&utm_campaign=yelp_api_v3&utm_medium=api_v3_business_search&utm_source=3Vjjfzi-KamsmIGS_ogwEQ,1,Negativo
UFyzd9Wxj2smMlPMvtrSTA,Rossi Auto and RV Mobile Detailing,"Clearwater, FL 33763",Clearwater,FL,33763,(727) 237-7250,"Auto Detailing, Car Wash",4.6,16,,27.9992904663086,-82.7402420043945,https://www.yelp.com/biz/rossi-auto-and-rv-mobile-detailing-clearwater?adjust_creative=3Vjjfzi-KamsmIGS_ogwEQ&utm_campaign=yelp_api_v3&utm_medium=api_v3_business_search&utm_source=3Vjjfzi-KamsmIGS_ogwEQ,7,Positivo
YiKhyNpXw5WcgvNIZYlncg,Causeway Beach Wash,"491 Causeway Blvd Dunedin, FL 34698",Dunedin,FL,34698,(727) 458-7895,"Auto Detailing, Car Wash",3.7,21,,28.05002,-82.78328,https://www.yelp.com/biz/causeway-beach-wash-dunedin-2?adjust_creative=3Vjjfzi-KamsmIGS_ogwEQ&utm_campaign=yelp_api_v3&utm_medium=api_v3_business_search&utm_source=3Vjjfzi-KamsmIGS_ogwEQ,7,Neutral
ekLOTEfCZVLpuhu9f66LMQ,G Hand Car Wash,"1201 Belcher Rd Dunedin, FL 34698",Dunedin,FL,34698,(727) 288-8506,"Car Wash, Auto Detailing",2.1,11,,28.01985,-82.74638,https://www.yelp.com/biz/g-hand-car-wash-dunedin?adjust_creative=3Vjjfzi-KamsmIGS_ogwEQ&utm_campaign=yelp_api_v3&utm_medium=api_v3_business_search&utm_source=3Vjjfzi-KamsmIGS_ogwEQ,7,Negativo
CayXLA2smPo3NXwG-N2yow,Kward Detailing,"9850 Hamlin Blvd Seminole, FL 33776",Seminole,FL,33776,(727) 459-5029,"Auto Detailing, Car Wash",5.0,1,,27.8630244,-82.8400649,https://www.yelp.com/biz/kward-detailing-seminole?adjust_creative=3Vjjfzi-KamsmIGS_ogwEQ&utm_campaign=yelp_api_v3&utm_medium=api_v3_business_search&utm_source=3Vjjfzi-KamsmIGS_ogwEQ,1,Positivo
Z29EwOcoFiwKkrkKRiiSfw,Wizard Wash Pros,"Clearwater , FL 33756",Clearwater ,FL,33756,(813) 696-8017,"Auto Detailing, Auto Upholstery, Car Wash",0.0,0,,27.94749832,-82.78756714,https://www.yelp.com/biz/wizard-wash-pros-clearwater-2?adjust_creative=3Vjjfzi-KamsmIGS_ogwEQ&utm_campaign=yelp_api_v3&utm_medium=api_v3_business_search&utm_source=3Vjjfzi-KamsmIGS_ogwEQ,0,neutral
FxTzyIJT6mdrHvD7IBCMVA,Ride And Shine Mobile Detailing S,"320 Bassedena Cir S Lakeland, FL 33805",Lakeland,FL,33805,(863) 614-7843,"Auto Detailing, Body Shops, Car Wash",3.3,7,,28.07042,-81.96002,https://www.yelp.com/biz/ride-and-shine-mobile-detailing-s-lakeland?adjust_creative=3Vjjfzi-KamsmIGS_ogwEQ&utm_campaign=yelp_api_v3&utm_medium=api_v3_business_search&utm_source=3Vjjfzi-KamsmIGS_ogwEQ,7,Positivo
zBJiprr1u1D33k0CMgHKtA,Esteamed Auto Spa,"St. Petersburg, FL 33702",St. Petersburg,FL,33702,(727) 371-5463,"Auto Detailing, Car Wash",0.0,0,,27.845426,-82.631725,https://www.yelp.com/biz/esteamed-auto-spa-st-petersburg?adjust_creative=3Vjjfzi-KamsmIGS_ogwEQ&utm_campaign=yelp_api_v3&utm_medium=api_v3_business_search&utm_source=3Vjjfzi-KamsmIGS_ogwEQ,0,neutral
VPwiTwo8oaHoIzoGNSwADQ,A Game Auto Detailing,"Oldsmar, FL 34677",Oldsmar,FL,34677,(850) 339-0038,Auto Detailing,5.0,1,,28.0413761138916,-82.6809387207031,https://www.yelp.com/biz/a-game-auto-detailing-oldsmar?adjust_creative=3Vjjfzi-KamsmIGS_ogwEQ&utm_campaign=yelp_api_v3&utm_medium=api_v3_business_search&utm_source=3Vjjfzi-KamsmIGS_ogwEQ,1,Positivo
uwhfgBaTjyBXRTkq38aFBg,Peak 10 Mobile Detailing,"Clearwater, FL 33761",Clearwater,FL,33761,(720) 534-6240,Auto Detailing,0.0,0,,28.03255272,-82.72647095,https://www.yelp.com/biz/peak-10-mobile-detailing-clearwater?adjust_creative=3Vjjfzi-KamsmIGS_ogwEQ&utm_campaign=yelp_api_v3&utm_medium=api_v3_business_search&utm_source=3Vjjfzi-KamsmIGS_ogwEQ,0,neutral
KrjmXVU1iBNaet7iSYHY0g,JD Mobile Pro Detail,"Pompano Beach, FL 33062",Pompano Beach,FL,33062,(303) 704-8910,"Auto Detailing, Auto Upholstery, Car Wash",0.0,0,,26.241632,-80.093638,https://www.yelp.com/biz/jd-mobile-pro-detail-pompano-beach-2?adjust_creative=3Vjjfzi-KamsmIGS_ogwEQ&utm_campaign=yelp_api_v3&utm_medium=api_v3_business_search&utm_source=3Vjjfzi-KamsmIGS_ogwEQ,0,neutral
pudEM2pCWnceeefEYUHwYg,Elite Mobile Detailing & Accessories,"5020 Trouble Creek Rd New Port Richey, FL 34652",New Port Richey,FL,34652,(727) 967-2842,Auto Detailing,1.0,1,,28.2241249,-82.7307879,https://www.yelp.com/biz/elite-mobile-detailing-and-accessories-new-port-richey-2?adjust_creative=3Vjjfzi-KamsmIGS_ogwEQ&utm_campaign=yelp_api_v3&utm_medium=api_v3_business_search&utm_source=3Vjjfzi-KamsmIGS_ogwEQ,1,Negativo
DAKxMzZyPmlfdOfWAB7YCw,Pristine Detailing,"New Port Richey, FL 34652",New Port Richey,FL,34652,(727) 225-8358,Auto Detailing,0.0,0,,28.23825455,-82.73182678,https://www.yelp.com/biz/pristine-detailing-new-port-richey?adjust_creative=3Vjjfzi-KamsmIGS_ogwEQ&utm_campaign=yelp_api_v3&utm_medium=api_v3_business_search&utm_source=3Vjjfzi-KamsmIGS_ogwEQ,0,neutral
e7oxP1_if6A0rmI4E8lpYA,3-D Shine mobile detaling,"New port Richey , FL 34652",New port Richey ,FL,34652,(727) 859-3864,Auto Detailing,5.0,1,,28.321655457579404,-82.67463509077999,https://www.yelp.com/biz/3-d-shine-mobile-detaling-new-port-richey-3?adjust_creative=3Vjjfzi-KamsmIGS_ogwEQ&utm_campaign=yelp_api_v3&utm_medium=api_v3_business_search&utm_source=3Vjjfzi-KamsmIGS_ogwEQ,1,Positivo
CWmB-VdN5GvnqWlCbZGY8w,PreciousPolish Mobile Detailing,"NEW PRT RCHY, FL 34653",NEW PRT RCHY,FL,34653,(727) 247-4951,Auto Detailing,0.0,0,,28.2485714,-82.69568634,https://www.yelp.com/biz/preciouspolish-mobile-detailing-new-prt-rchy?adjust_creative=3Vjjfzi-KamsmIGS_ogwEQ&utm_campaign=yelp_api_v3&utm_medium=api_v3_business_search&utm_source=3Vjjfzi-KamsmIGS_ogwEQ,0,neutral
GeCWbh67pg5k06EUdIUiBQ,ProntoWash Westchase Mobile,"Tampa, FL 33626",Tampa,FL,33626,(813) 499-5878,"Auto Detailing, Car Wash",1.0,2,,28.0626773834229,-82.6252746582031,https://www.yelp.com/biz/prontowash-westchase-mobile-tampa?adjust_creative=3Vjjfzi-KamsmIGS_ogwEQ&utm_campaign=yelp_api_v3&utm_medium=api_v3_business_search&utm_source=3Vjjfzi-KamsmIGS_ogwEQ,2,Negativo
Sz2xr_aKsmmFlCJwu1qKDw,Hot Shot Auto Detailing,"Saint Petersburg, FL 33702",Saint Petersburg,FL,33702,(727) 687-9293,"Auto Detailing, Car Wash",3.3,10,,27.8512042,-82.6321376,https://www.yelp.com/biz/hot-shot-auto-detailing-saint-petersburg-2?adjust_creative=3Vjjfzi-KamsmIGS_ogwEQ&utm_campaign=yelp_api_v3&utm_medium=api_v3_business_search&utm_source=3Vjjfzi-KamsmIGS_ogwEQ,7,Positivo
Vko2FtAyMR1PKEkGwBmhDg,Certified Mobile Detailing,"Palm Harbor, FL 34683",Palm Harbor,FL,34683,(513) 604-9360,Auto Detailing,3.0,2,,28.08630510026928,-82.76000564295633,https://www.yelp.com/biz/certified-mobile-detailing-palm-harbor?adjust_creative=3Vjjfzi-KamsmIGS_ogwEQ&utm_campaign=yelp_api_v3&utm_medium=api_v3_business_search&utm_source=3Vjjfzi-KamsmIGS_ogwEQ,2,Neutral
7qyz6oT3qugVTS_Y-EjRow,Flawless Finish Mobile Detailing,"Brooksville, FL 34613",Brooksville,FL,34613,(727) 505-1480,"Auto Detailing, Car Wash",3.0,2,,28.54282,-82.56188,https://www.yelp.com/biz/flawless-finish-mobile-detailing-brooksville?adjust_creative=3Vjjfzi-KamsmIGS_ogwEQ&utm_campaign=yelp_api_v3&utm_medium=api_v3_business_search&utm_source=3Vjjfzi-KamsmIGS_ogwEQ,2,Neutral
TAOXqmHJLjZ7NCN9aleckQ,Attention 2 Detail,"New Port Richey, FL 34654",New Port Richey,FL,34654,(727) 237-8355,Auto Detailing,0.0,0,,28.30456924,-82.62483215,https://www.yelp.com/biz/attention-2-detail-new-port-richey?adjust_creative=3Vjjfzi-KamsmIGS_ogwEQ&utm_campaign=yelp_api_v3&utm_medium=api_v3_business_search&utm_source=3Vjjfzi-KamsmIGS_ogwEQ,0,neutral
nwy0X_5WyS8hGgLjj7oyMA,Pristine Platinum Detailing,"Apopka, FL 32703",Apopka,FL,32703,(321) 413-8764,Auto Detailing,1.0,1,,28.67312,-81.5076,https://www.yelp.com/biz/pristine-platinum-detailing-apopka-2?adjust_creative=3Vjjfzi-KamsmIGS_ogwEQ&utm_campaign=yelp_api_v3&utm_medium=api_v3_business_search&utm_source=3Vjjfzi-KamsmIGS_ogwEQ,1,Negativo
H5ZiJXNDRxlDcrM0yvQ3vA,Car Wash King,"11227 US 19 Port Richey, FL 34668",Port Richey,FL,34668,(727) 378-3961,"Car Wash, Auto Detailing",2.5,52,,28.32071,-82.69986,https://www.yelp.com/biz/car-wash-king-port-richey-2?adjust_creative=3Vjjfzi-KamsmIGS_ogwEQ&utm_campaign=yelp_api_v3&utm_medium=api_v3_business_search&utm_source=3Vjjfzi-KamsmIGS_ogwEQ,7,Negativo
EK6nUfdCN9GPt7Nc73IwRw,Ocean Elf Professional Detailing,"Sarasota, FL 34232",Sarasota,FL,34232,(888) 930-0303,"Auto Detailing, Pressure Washers",0.0,0,,27.31866264,-82.48008728,https://www.yelp.com/biz/ocean-elf-professional-detailing-sarasota-2?adjust_creative=3Vjjfzi-KamsmIGS_ogwEQ&utm_campaign=yelp_api_v3&utm_medium=api_v3_business_search&utm_source=3Vjjfzi-KamsmIGS_ogwEQ,0,neutral
k0pjob2EJrFETVayYWytXA,Detailed Luxury Cars,"Tampa, FL 33615",Tampa,FL,33615,(813) 730-6308,Auto Detailing,0.0,0,,27.9947914,-82.5943072,https://www.yelp.com/biz/detailed-luxury-cars-tampa?adjust_creative=3Vjjfzi-KamsmIGS_ogwEQ&utm_campaign=yelp_api_v3&utm_medium=api_v3_business_search&utm_source=3Vjjfzi-KamsmIGS_ogwEQ,0,neutral
AuE8Ln1rb9IBgiRQkDQUYg,Professional Auto Body,"2228 28th St N St Petersburg, FL 33713",St Petersburg,FL,33713,(727) 323-3939,"Body Shops, Auto Detailing, Towing",4.7,15,,27.792566,-82.671588,https://www.yelp.com/biz/professional-auto-body-saint-petersburg-2?adjust_creative=3Vjjfzi-KamsmIGS_ogwEQ&utm_campaign=yelp_api_v3&utm_medium=api_v3_business_search&utm_source=3Vjjfzi-KamsmIGS_ogwEQ,7,Positivo
zkZc58HuFgqmYL04vp3xPw,The - 1 Mobile Detailing,"Tampa, FL 33687",Tampa,FL,33687,(813) 369-1862,"Auto Detailing, Car Wash",4.5,2,,28.08705,-82.40223,https://www.yelp.com/biz/the-1-mobile-detailing-tampa?adjust_creative=3Vjjfzi-KamsmIGS_ogwEQ&utm_campaign=yelp_api_v3&utm_medium=api_v3_business_search&utm_source=3Vjjfzi-KamsmIGS_ogwEQ,2,Positivo
yxOBWNJRmj8MXphHlvAmqA,C&C Mobile Detailing,"Port Richey, FL 34668",Port Richey,FL,34668,(727) 509-9178,Auto Detailing,0.0,0,,28.27584037866192,-82.72516033976156,https://www.yelp.com/biz/c-and-c-mobile-detailing-port-richey?adjust_creative=3Vjjfzi-KamsmIGS_ogwEQ&utm_campaign=yelp_api_v3&utm_medium=api_v3_business_search&utm_source=3Vjjfzi-KamsmIGS_ogwEQ,0,neutral
thk_cAjPy0rL8TDNnv5HUQ,Serenity Elite & Company,"Lakeland, FL 33805",Lakeland,FL,33805,(863) 346-3169,"Movers, Auto Detailing, Pressure Washers",0.0,0,,28.07794571,-81.95329285,https://www.yelp.com/biz/serenity-elite-and-company-lakeland-4?adjust_creative=3Vjjfzi-KamsmIGS_ogwEQ&utm_campaign=yelp_api_v3&utm_medium=api_v3_business_search&utm_source=3Vjjfzi-KamsmIGS_ogwEQ,0,neutral
rWSEv1wLOMU3eIAmDM3XrQ,Under Pressure Washing Company,"Belleair Bluffs, FL 33770",Belleair Bluffs,FL,33770,(727) 273-6385,"Auto Detailing, Pressure Washers",0.0,0,,27.920008671860703,-82.81950409427373,https://www.yelp.com/biz/under-pressure-washing-company-belleair-bluffs?adjust_creative=3Vjjfzi-KamsmIGS_ogwEQ&utm_campaign=yelp_api_v3&utm_medium=api_v3_business_search&utm_source=3Vjjfzi-KamsmIGS_ogwEQ,0,neutral
akWsAHrd7jI7jUBh-acM6Q,Bristol Marine Care,"South Pasadena, FL 33707",South Pasadena,FL,33707,(813) 957-6261,"Boat Repair, Auto Detailing",0.0,0,,27.757989,-82.737306,https://www.yelp.com/biz/bristol-marine-care-south-pasadena?adjust_creative=3Vjjfzi-KamsmIGS_ogwEQ&utm_campaign=yelp_api_v3&utm_medium=api_v3_business_search&utm_source=3Vjjfzi-KamsmIGS_ogwEQ,0,neutral
eGxhI2FZPDqBfyYnD8jz5Q,AcoDetail - Car Detailing Tampa,"1840 Horsechestnut Ct Trinity, FL 34655",Trinity,FL,34655,(224) 425-7627,"Car Wash, Auto Detailing",0.0,0,,28.18621,-82.67285,https://www.yelp.com/biz/acodetail-car-detailing-tampa-trinity?adjust_creative=3Vjjfzi-KamsmIGS_ogwEQ&utm_campaign=yelp_api_v3&utm_medium=api_v3_business_search&utm_source=3Vjjfzi-KamsmIGS_ogwEQ,0,neutral
X7LyAPzsTDQkw7b_66h_pw,JG's Deluxe Mobile Detailing,"Clearwater, FL 33764",Clearwater,FL,33764,(727) 608-9979,Auto Detailing,0.0,0,,27.93935013,-82.73958588,https://www.yelp.com/biz/jgs-deluxe-mobile-detailing-clearwater?adjust_creative=3Vjjfzi-KamsmIGS_ogwEQ&utm_campaign=yelp_api_v3&utm_medium=api_v3_business_search&utm_source=3Vjjfzi-KamsmIGS_ogwEQ,0,neutral
akPg_7pUo3sYbTw3jOiFCA,Ceramic Pro,"6029 Deacon Pl Sarasota, FL 34238",Sarasota,FL,34238,(941) 773-9500,"Auto Detailing, Car Window Tinting, Auto Repair",4.3,24,,27.267661,-82.477463,https://www.yelp.com/biz/ceramic-pro-sarasota-5?adjust_creative=3Vjjfzi-KamsmIGS_ogwEQ&utm_campaign=yelp_api_v3&utm_medium=api_v3_business_search&utm_source=3Vjjfzi-KamsmIGS_ogwEQ,7,Positivo
tZl2SmtUk1yj4lGWMYGCVw,Street Systems Detailing,"Largo, FL 33771",Largo,FL,33771,(727) 314-1997,"Auto Detailing, Car Wash",0.0,0,,27.89751173766447,-82.73695479999999,https://www.yelp.com/biz/street-systems-detailing-largo-2?adjust_creative=3Vjjfzi-KamsmIGS_ogwEQ&utm_campaign=yelp_api_v3&utm_medium=api_v3_business_search&utm_source=3Vjjfzi-KamsmIGS_ogwEQ,0,neutral
1E381qRdqWM3ufEx7SB6eQ,Superior Auto Spa,"Palm Harbor, FL 34683",Palm Harbor,FL,34683,(727) 610-5851,Auto Detailing,0.0,0,,28.08047295,-82.75580597,https://www.yelp.com/biz/superior-auto-spa-palm-harbor-7?adjust_creative=3Vjjfzi-KamsmIGS_ogwEQ&utm_campaign=yelp_api_v3&utm_medium=api_v3_business_search&utm_source=3Vjjfzi-KamsmIGS_ogwEQ,0,neutral
kCZXUnGOZJXmJkXe7AtgAQ,Pristine Perfection Detailing,"12912 Eagles Entry Dr Odessa, FL 33556",Odessa,FL,33556,(862) 432-3818,Auto Detailing,0.0,0,,28.10833,-82.64605,https://www.yelp.com/biz/pristine-perfection-detailing-odessa?adjust_creative=3Vjjfzi-KamsmIGS_ogwEQ&utm_campaign=yelp_api_v3&utm_medium=api_v3_business_search&utm_source=3Vjjfzi-KamsmIGS_ogwEQ,0,neutral
DqmMMKDXSclixQLNbm56Gw,Prime Time Auto Detailing,"Saint Petersburg, FL 33705",Saint Petersburg,FL,33705,(727) 709-3110,Auto Detailing,1.0,1,,27.7365875244141,-82.6465301513672,https://www.yelp.com/biz/prime-time-auto-detailing-saint-petersburg?adjust_creative=3Vjjfzi-KamsmIGS_ogwEQ&utm_campaign=yelp_api_v3&utm_medium=api_v3_business_search&utm_source=3Vjjfzi-KamsmIGS_ogwEQ,1,Negativo
agGQwLS3zQyy9vSNzbcuPA,Family Car Wash,"1108 Commercial Way Spring Hill, FL 34606",Spring Hill,FL,34606,(352) 688-6012,"Car Wash, Car Window Tinting, Auto Detailing",2.8,64,,28.448158,-82.632178,https://www.yelp.com/biz/family-car-wash-spring-hill-2?adjust_creative=3Vjjfzi-KamsmIGS_ogwEQ&utm_campaign=yelp_api_v3&utm_medium=api_v3_business_search&utm_source=3Vjjfzi-KamsmIGS_ogwEQ,7,Positivo
u82RgtW6HsAPqbmZZUPHWQ,USA Car Wash Port Richey,"8641 US Hwy 19 Port Richey, FL 34668",Port Richey,FL,34668,(727) 312-5014,"Car Wash, Auto Detailing",3.3,32,,28.2833613121719,-82.7160706269837,https://www.yelp.com/biz/usa-car-wash-port-richey-port-richey-2?adjust_creative=3Vjjfzi-KamsmIGS_ogwEQ&utm_campaign=yelp_api_v3&utm_medium=api_v3_business_search&utm_source=3Vjjfzi-KamsmIGS_ogwEQ,7,Negativo
tzrXAs9Ts4sFMf73q0UJGQ,Royal1 Mobile Detailing Orlando,"1069 S Hiawassee Rd Orlando, FL 32835",Orlando,FL,32835,(407) 203-7958,"Auto Detailing, Car Wash",4.4,8,,28.5290955,-81.4709378,https://www.yelp.com/biz/royal1-mobile-detailing-orlando-orlando-3?adjust_creative=3Vjjfzi-KamsmIGS_ogwEQ&utm_campaign=yelp_api_v3&utm_medium=api_v3_business_search&utm_source=3Vjjfzi-KamsmIGS_ogwEQ,7,Positivo
oIu0oKRI8dtH7NmLhDExKA,Mister Quality Car Wash & Detailing,"1277 S Missouri Ave Clearwater, FL 33756",Clearwater,FL,33756,(727) 612-9304,"Car Wash, Auto Detailing",5.0,2,,27.95182396074089,-82.7871024,https://www.yelp.com/biz/mister-quality-car-wash-and-detailing-clearwater?adjust_creative=3Vjjfzi-KamsmIGS_ogwEQ&utm_campaign=yelp_api_v3&utm_medium=api_v3_business_search&utm_source=3Vjjfzi-KamsmIGS_ogwEQ,2,Positivo
u21AO7qK4cDJCV2ReFdXig,Mpres Moblle  Detailing,"Palmetto, FL 34221",Palmetto,FL,34221,(813) 480-2613,"Auto Detailing, Pressure Washers, Car Wash",5.0,4,,27.51631,-82.57296,https://www.yelp.com/biz/mpres-moblle-detailing-palmetto?adjust_creative=3Vjjfzi-KamsmIGS_ogwEQ&utm_campaign=yelp_api_v3&utm_medium=api_v3_business_search&utm_source=3Vjjfzi-KamsmIGS_ogwEQ,4,Positivo
D_34piuSvrfTW_0kmlz0IQ,Multiprowash Services,"1701 W Bay Dr Largo, FL 33770",Largo,FL,33770,(727) 717-4048,"Car Wash, Auto Detailing",0.0,0,,27.9165,-82.80612,https://www.yelp.com/biz/multiprowash-services-largo?adjust_creative=3Vjjfzi-KamsmIGS_ogwEQ&utm_campaign=yelp_api_v3&utm_medium=api_v3_business_search&utm_source=3Vjjfzi-KamsmIGS_ogwEQ,0,neutral
qmBCIAiEYQnI6B7UCJ1dHA,CoaterZ,"4824 US 19 ALT Palm Harbor, FL 34684",Palm Harbor,FL,34684,(727) 935-4621,"Car Window Tinting, Vehicle Wraps, Auto Detailing",4.7,10,,28.12038,-82.76208,https://www.yelp.com/biz/coaterz-palm-harbor?adjust_creative=3Vjjfzi-KamsmIGS_ogwEQ&utm_campaign=yelp_api_v3&utm_medium=api_v3_business_search&utm_source=3Vjjfzi-KamsmIGS_ogwEQ,7,Positivo
1ymZV5ooVlyzf6_jGiKeLw,Kirin’s Auto Spa,"6022 State Rd 54 New Port Richey, FL 34653",New Port Richey,FL,34653,(727) 645-1523,"Car Wash, Auto Detailing",0.0,0,,28.216605,-82.7147551,https://www.yelp.com/biz/v-j-car-wash-new-port-richey?adjust_creative=3Vjjfzi-KamsmIGS_ogwEQ&utm_campaign=yelp_api_v3&utm_medium=api_v3_business_search&utm_source=3Vjjfzi-KamsmIGS_ogwEQ,0,neutral
ABXtE0D60863MWnqTVJZVQ,Bay Blazzers Mobile Detailing,"Zephyrhills, FL 33544",Zephyrhills,FL,33544,(813) 379-0576,Auto Detailing,5.0,2,,28.18581,-82.36013,https://www.yelp.com/biz/bay-blazzers-mobile-detailing-zephyrhills?adjust_creative=3Vjjfzi-KamsmIGS_ogwEQ&utm_campaign=yelp_api_v3&utm_medium=api_v3_business_search&utm_source=3Vjjfzi-KamsmIGS_ogwEQ,2,Positivo
0snnyBNWOalA5vnx1OW6Rw,Simply Classy Decals and Mobile Detailing,"30th Ave W Bradenton, FL 34209",Bradenton,FL,34209,(941) 580-2057,"Auto Detailing, Body Shops",0.0,0,,27.473599,-82.62254,https://www.yelp.com/biz/simply-classy-decals-and-mobile-detailing-bradenton?adjust_creative=3Vjjfzi-KamsmIGS_ogwEQ&utm_campaign=yelp_api_v3&utm_medium=api_v3_business_search&utm_source=3Vjjfzi-KamsmIGS_ogwEQ,0,neutral
iKzB_TTMAFxxqU7QV9cXTw,Icy Clean Auto Detailing,"NEW PRT RCHY, FL 34652",NEW PRT RCHY,FL,34652,(727) 503-2830,"Auto Detailing, Car Wash",4.0,1,,28.23825455,-82.73182678,https://www.yelp.com/biz/icy-clean-auto-detailing-new-prt-rchy?adjust_creative=3Vjjfzi-KamsmIGS_ogwEQ&utm_campaign=yelp_api_v3&utm_medium=api_v3_business_search&utm_source=3Vjjfzi-KamsmIGS_ogwEQ,1,Positivo
kWqX83v7sNYNOELAaXk34Q,NYC Car Detail,"11316 Mallory Square Dr Tampa, FL 33635",Tampa,FL,33635,,"Car Wash, Auto Detailing",0.0,0,,28.01959,-82.61581,https://www.yelp.com/biz/nyc-car-detail-tampa?adjust_creative=3Vjjfzi-KamsmIGS_ogwEQ&utm_campaign=yelp_api_v3&utm_medium=api_v3_business_search&utm_source=3Vjjfzi-KamsmIGS_ogwEQ,0,neutral
NeLis2O5etUKHl45_xER_Q,Apple’s Revisions’,"New port richey , FL 34604",New port richey ,FL,34604,(712) 833-0838,"Home Cleaning, Auto Detailing, Home Decor",0.0,0,,28.2441768,-82.7192671,https://www.yelp.com/biz/apple-s-revisions-new-port-richey-2?adjust_creative=3Vjjfzi-KamsmIGS_ogwEQ&utm_campaign=yelp_api_v3&utm_medium=api_v3_business_search&utm_source=3Vjjfzi-KamsmIGS_ogwEQ,0,neutral
gPOn0bwZwePpKfRjwMTorQ,Precise Mobile Auto Detailing,"Tarpon Springs, FL 34688",Tarpon Springs,FL,34688,(727) 279-5077,"Auto Detailing, Car Wash",1.0,1,,28.12476,-82.69504,https://www.yelp.com/biz/precise-mobile-auto-detailing-tarpon-springs?adjust_creative=3Vjjfzi-KamsmIGS_ogwEQ&utm_campaign=yelp_api_v3&utm_medium=api_v3_business_search&utm_source=3Vjjfzi-KamsmIGS_ogwEQ,1,Negativo
M79FH43k16Trpm8T32lmxg,OCDetailers SRQ,"Sarasota, FL 34243",Sarasota,FL,34243,(941) 313-2122,"Auto Detailing, Body Shops, Car Wash",0.0,0,,27.41981,-82.55254,https://www.yelp.com/biz/ocdetailers-srq-sarasota?adjust_creative=3Vjjfzi-KamsmIGS_ogwEQ&utm_campaign=yelp_api_v3&utm_medium=api_v3_business_search&utm_source=3Vjjfzi-KamsmIGS_ogwEQ,0,neutral
hF2KRV_-1wRKz7E7qrmXmQ,Pasco Tint & Detail,"11207 Sr-52 Hudson, FL 34669",Hudson,FL,34669,(727) 946-3387,"Car Window Tinting, Auto Detailing, Home Window Tinting",3.7,3,,28.33409,-82.62979,https://www.yelp.com/biz/pasco-tint-and-detail-hudson?adjust_creative=3Vjjfzi-KamsmIGS_ogwEQ&utm_campaign=yelp_api_v3&utm_medium=api_v3_business_search&utm_source=3Vjjfzi-KamsmIGS_ogwEQ,3,Positivo
qgu5Gk6HfWS3N4B861Im4g,Detail Shop,"7880 Blind Pass Rd St. Pete Beach, FL 33706",St. Pete Beach,FL,33706,(727) 363-4910,Auto Detailing,0.0,0,,27.7451095581055,-82.752326965332,https://www.yelp.com/biz/detail-shop-st-pete-beach?adjust_creative=3Vjjfzi-KamsmIGS_ogwEQ&utm_campaign=yelp_api_v3&utm_medium=api_v3_business_search&utm_source=3Vjjfzi-KamsmIGS_ogwEQ,0,neutral
39jVhQfOBhz40AHoUo82wQ,CleanFreakDetailz,"Port Richey, FL 34668",Port Richey,FL,34668,(727) 226-9203,Auto Detailing,0.0,0,,28.27584037866192,-82.72516033976156,https://www.yelp.com/biz/cleanfreakdetailz-port-richey?adjust_creative=3Vjjfzi-KamsmIGS_ogwEQ&utm_campaign=yelp_api_v3&utm_medium=api_v3_business_search&utm_source=3Vjjfzi-KamsmIGS_ogwEQ,0,neutral
2x9mbZtc2pekhr3QK4UE7w,Daniel Son's Detailing,"Tarpon Springs, FL 34689",Tarpon Springs,FL,34689,(727) 945-3848,"Auto Detailing, Car Wash",5.0,2,,28.14723014831543,-82.75621032714844,https://www.yelp.com/biz/daniel-sons-detailing-tarpon-springs-2?adjust_creative=3Vjjfzi-KamsmIGS_ogwEQ&utm_campaign=yelp_api_v3&utm_medium=api_v3_business_search&utm_source=3Vjjfzi-KamsmIGS_ogwEQ,2,Positivo
deXc5xLfrQLeVLxtg-O1UQ,1st Class Auto Detailing,"Seminole, FL 33777",Seminole,FL,33777,(727) 440-0815,Auto Detailing,0.0,0,,27.8474426269531,-82.7658386230469,https://www.yelp.com/biz/1st-class-auto-detailing-seminole?adjust_creative=3Vjjfzi-KamsmIGS_ogwEQ&utm_campaign=yelp_api_v3&utm_medium=api_v3_business_search&utm_source=3Vjjfzi-KamsmIGS_ogwEQ,0,neutral
_OjYEa2e0usRdc-Iq22nSg,Nick and John’s Mobile Detailing,"Tarpon Springs, FL 34689",Tarpon Springs,FL,34689,(727) 279-5418,"Auto Detailing, Car Wash",3.7,3,,28.14814891054365,-82.76172255921236,https://www.yelp.com/biz/nick-and-john-s-mobile-detailing-tarpon-springs-2?adjust_creative=3Vjjfzi-KamsmIGS_ogwEQ&utm_campaign=yelp_api_v3&utm_medium=api_v3_business_search&utm_source=3Vjjfzi-KamsmIGS_ogwEQ,3,Positivo
ujpZad5Hfb3XONZj6780oA,Bay Area Mobile Detailing,"6001 Johns Rd Tampa Bay, FL 33634",Tampa Bay,FL,33634,(813) 400-9575,Auto Detailing,3.7,3,,28.0086001689601,-82.5480252,https://www.yelp.com/biz/bay-area-mobile-detailing-tampa-bay?adjust_creative=3Vjjfzi-KamsmIGS_ogwEQ&utm_campaign=yelp_api_v3&utm_medium=api_v3_business_search&utm_source=3Vjjfzi-KamsmIGS_ogwEQ,3,Positivo
IfjZRW8kplqBHokR_s5JBQ,Ray’s Luxury Detailing,"Land O Lakes, FL 34638",Land O Lakes,FL,34638,(656) 223-9600,"Car Wash, Auto Detailing",5.0,2,,28.20072325479466,-82.2963670397266,https://www.yelp.com/biz/ray-s-luxury-detailing-land-o-lakes?adjust_creative=3Vjjfzi-KamsmIGS_ogwEQ&utm_campaign=yelp_api_v3&utm_medium=api_v3_business_search&utm_source=3Vjjfzi-KamsmIGS_ogwEQ,2,Positivo
-QRDZdciBY6B3i-ZxreIUg,Luxside Motors,"5862 Deacon Rd Sarasota, FL 34238",Sarasota,FL,34238,(941) 928-7888,"Car Window Tinting, Auto Detailing, Car Wash",5.0,1,,27.26816,-82.47953,https://www.yelp.com/biz/luxside-motors-sarasota?adjust_creative=3Vjjfzi-KamsmIGS_ogwEQ&utm_campaign=yelp_api_v3&utm_medium=api_v3_business_search&utm_source=3Vjjfzi-KamsmIGS_ogwEQ,1,Positivo
PE1iA6aXG4zQ1O4xVJEGiA,Like New Mobile Detailing,"East Lake, FL 34685",East Lake,FL,34685,(727) 409-2690,"Auto Detailing, Car Wash",0.0,0,,28.110200881958,-82.6947631835938,https://www.yelp.com/biz/like-new-mobile-detailing-east-lake?adjust_creative=3Vjjfzi-KamsmIGS_ogwEQ&utm_campaign=yelp_api_v3&utm_medium=api_v3_business_search&utm_source=3Vjjfzi-KamsmIGS_ogwEQ,0,neutral
6pRskU8u3UKZzOqz9q_SKQ,CleanPro Motorsports,"7310 Broad Street Brooksville, FL 34601",Brooksville,FL,34601,(352) 667-1844,"Car Window Tinting, Auto Detailing, Powder Coating",1.0,1,,28.5360082,-82.4052446,https://www.yelp.com/biz/cleanpro-motorsports-brooksville?adjust_creative=3Vjjfzi-KamsmIGS_ogwEQ&utm_campaign=yelp_api_v3&utm_medium=api_v3_business_search&utm_source=3Vjjfzi-KamsmIGS_ogwEQ,1,Negativo
